0/GEO_ID,1/STATE,2/COUNTY
0500000US01029,01,029
0500000US01031,01,031
0500000US01037,01,037
0500000US01039,01,039
0500000US01041,01,041
0500000US01045,01,045
0500000US01049,01,049
0500000US01053,01,053
0500000US01057,01,057
0500000US01061,01,061
0500000US01067,01,067
0500000US01075,01,075
0500000US01077,01,077
0500000US01079,01,079
0500000US01001,01,001
0500000US01003,01,003
0500000US01005,01,005
0500000US01007,01,007
0500000US01009,01,009
0500000US01011,01,011
0500000US01023,01,023
0500000US01025,01,025
0500000US01027,01,027
0500000US01033,01,033
0500000US01035,01,035
0500000US01043,01,043
0500000US01047,01,047
0500000US01051,01,051
0500000US01055,01,055
0500000US01059,01,059
0500000US01063,01,063
0500000US01065,01,065
0500000US01071,01,071
0500000US01073,01,073
0500000US01085,01,085
0500000US01087,01,087
0500000US01089,01,089
0500000US01091,01,091
0500000US01095,01,095
0500000US01097,01,097
0500000US01099,01,099
0500000US01107,01,107
0500000US01109,01,109
0500000US01113,01,113
0500000US01115,01,115
0500000US01117,01,117
0500000US01119,01,119
0500000US01121,01,121
0500000US01129,01,129
0500000US01131,01,131
0500000US01013,01,013
0500000US01015,01,015
0500000US01017,01,017
0500000US01019,01,019
0500000US01021,01,021
0500000US01123,01,123
0500000US01125,01,125
0500000US01127,01,127
0500000US01133,01,133
0500000US01101,01,101
0500000US01069,01,069
0500000US01081,01,081
0500000US01083,01,083
0500000US01093,01,093
0500000US01103,01,103
0500000US01105,01,105
0500000US01111,01,111
0500000US02013,02,013
0500000US02016,02,016
0500000US02020,02,020
0500000US02050,02,050
0500000US02060,02,060
0500000US02068,02,068
0500000US02070,02,070
0500000US02090,02,090
0500000US02105,02,105
0500000US02110,02,110
0500000US02122,02,122
0500000US02130,02,130
0500000US02164,02,164
0500000US02170,02,170
0500000US02180,02,180
0500000US02185,02,185
0500000US02188,02,188
0500000US02220,02,220
0500000US02240,02,240
0500000US02270,02,270
0500000US02275,02,275
0500000US02290,02,290
0500000US02195,02,195
0500000US02198,02,198
0500000US02230,02,230
0500000US02261,02,261
0500000US02282,02,282
0500000US02100,02,100
0500000US02150,02,150
0500000US04001,04,001
0500000US04003,04,003
0500000US04005,04,005
0500000US04007,04,007
0500000US04009,04,009
0500000US04011,04,011
0500000US04012,04,012
0500000US04013,04,013
0500000US04015,04,015
0500000US04017,04,017
0500000US04019,04,019
0500000US04021,04,021
0500000US04023,04,023
0500000US04025,04,025
0500000US04027,04,027
0500000US05049,05,049
0500000US05051,05,051
0500000US05053,05,053
0500000US05055,05,055
0500000US05059,05,059
0500000US05065,05,065
0500000US05071,05,071
0500000US05075,05,075
0500000US05077,05,077
0500000US05001,05,001
0500000US05003,05,003
0500000US05005,05,005
0500000US05007,05,007
0500000US05011,05,011
0500000US05013,05,013
0500000US05017,05,017
0500000US05019,05,019
0500000US05021,05,021
0500000US05029,05,029
0500000US05037,05,037
0500000US05039,05,039
0500000US05041,05,041
0500000US05045,05,045
0500000US05057,05,057
0500000US05061,05,061
0500000US05063,05,063
0500000US05067,05,067
0500000US05069,05,069
0500000US05073,05,073
0500000US05081,05,081
0500000US05085,05,085
0500000US05091,05,091
0500000US05093,05,093
0500000US05095,05,095
0500000US05097,05,097
0500000US05099,05,099
0500000US05103,05,103
0500000US05107,05,107
0500000US05109,05,109
0500000US05117,05,117
0500000US05121,05,121
0500000US05131,05,131
0500000US05133,05,133
0500000US05139,05,139
0500000US05145,05,145
0500000US05147,05,147
0500000US05009,05,009
0500000US05015,05,015
0500000US05023,05,023
0500000US05025,05,025
0500000US05027,05,027
0500000US05031,05,031
0500000US05033,05,033
0500000US05035,05,035
0500000US05043,05,043
0500000US05047,05,047
0500000US05143,05,143
0500000US05149,05,149
0500000US05079,05,079
0500000US05083,05,083
0500000US05087,05,087
0500000US05089,05,089
0500000US05101,05,101
0500000US05105,05,105
0500000US05111,05,111
0500000US05113,05,113
0500000US05115,05,115
0500000US05119,05,119
0500000US05123,05,123
0500000US05125,05,125
0500000US05127,05,127
0500000US05129,05,129
0500000US05135,05,135
0500000US05137,05,137
0500000US05141,05,141
0500000US06035,06,035
0500000US06049,06,049
0500000US06075,06,075
0500000US06083,06,083
0500000US06091,06,091
0500000US06095,06,095
0500000US06101,06,101
0500000US06105,06,105
0500000US06111,06,111
0500000US06115,06,115
0500000US06033,06,033
0500000US06071,06,071
0500000US06087,06,087
0500000US06001,06,001
0500000US06003,06,003
0500000US06005,06,005
0500000US06007,06,007
0500000US06009,06,009
0500000US06011,06,011
0500000US06013,06,013
0500000US06015,06,015
0500000US06017,06,017
0500000US06019,06,019
0500000US06021,06,021
0500000US06023,06,023
0500000US06025,06,025
0500000US06027,06,027
0500000US06029,06,029
0500000US06031,06,031
0500000US06037,06,037
0500000US06039,06,039
0500000US06041,06,041
0500000US06043,06,043
0500000US06045,06,045
0500000US06047,06,047
0500000US06051,06,051
0500000US06053,06,053
0500000US06055,06,055
0500000US06057,06,057
0500000US06059,06,059
0500000US06061,06,061
0500000US06063,06,063
0500000US06065,06,065
0500000US06067,06,067
0500000US06069,06,069
0500000US06073,06,073
0500000US06077,06,077
0500000US06079,06,079
0500000US06081,06,081
0500000US06085,06,085
0500000US06089,06,089
0500000US06093,06,093
0500000US06097,06,097
0500000US06099,06,099
0500000US06103,06,103
0500000US06107,06,107
0500000US06109,06,109
0500000US06113,06,113
0500000US08053,08,053
0500000US08061,08,061
0500000US08063,08,063
0500000US08071,08,071
0500000US08073,08,073
0500000US08075,08,075
0500000US08079,08,079
0500000US08085,08,085
0500000US08087,08,087
0500000US08089,08,089
0500000US08095,08,095
0500000US08099,08,099
0500000US08101,08,101
0500000US08103,08,103
0500000US08105,08,105
0500000US08001,08,001
0500000US08003,08,003
0500000US08005,08,005
0500000US08007,08,007
0500000US08009,08,009
0500000US08011,08,011
0500000US08013,08,013
0500000US08015,08,015
0500000US08019,08,019
0500000US08023,08,023
0500000US08027,08,027
0500000US08029,08,029
0500000US08031,08,031
0500000US08035,08,035
0500000US08037,08,037
0500000US08049,08,049
0500000US08051,08,051
0500000US08055,08,055
0500000US08057,08,057
0500000US08059,08,059
0500000US08065,08,065
0500000US08067,08,067
0500000US08069,08,069
0500000US08077,08,077
0500000US08081,08,081
0500000US08083,08,083
0500000US08091,08,091
0500000US08093,08,093
0500000US08097,08,097
0500000US08107,08,107
0500000US08109,08,109
0500000US08111,08,111
0500000US08113,08,113
0500000US08117,08,117
0500000US08014,08,014
0500000US08017,08,017
0500000US08021,08,021
0500000US08025,08,025
0500000US08033,08,033
0500000US08039,08,039
0500000US08041,08,041
0500000US08043,08,043
0500000US08045,08,045
0500000US08047,08,047
0500000US08115,08,115
0500000US08119,08,119
0500000US08121,08,121
0500000US08123,08,123
0500000US08125,08,125
0500000US09001,09,001
0500000US09003,09,003
0500000US09005,09,005
0500000US09007,09,007
0500000US09009,09,009
0500000US09011,09,011
0500000US09013,09,013
0500000US09015,09,015
0500000US10001,10,001
0500000US10003,10,003
0500000US10005,10,005
0500000US11001,11,001
0500000US12013,12,013
0500000US12015,12,015
0500000US12019,12,019
0500000US12021,12,021
0500000US12027,12,027
0500000US12035,12,035
0500000US12067,12,067
0500000US12081,12,081
0500000US12085,12,085
0500000US12087,12,087
0500000US12091,12,091
0500000US12099,12,099
0500000US12105,12,105
0500000US12107,12,107
0500000US12109,12,109
0500000US12111,12,111
0500000US12043,12,043
0500000US12049,12,049
0500000US12051,12,051
0500000US12053,12,053
0500000US12059,12,059
0500000US12061,12,061
0500000US12001,12,001
0500000US12003,12,003
0500000US12005,12,005
0500000US12007,12,007
0500000US12009,12,009
0500000US12011,12,011
0500000US12029,12,029
0500000US12031,12,031
0500000US12033,12,033
0500000US12037,12,037
0500000US12039,12,039
0500000US12041,12,041
0500000US12045,12,045
0500000US12047,12,047
0500000US12055,12,055
0500000US12057,12,057
0500000US12063,12,063
0500000US12065,12,065
0500000US12069,12,069
0500000US12071,12,071
0500000US12073,12,073
0500000US12077,12,077
0500000US12079,12,079
0500000US12083,12,083
0500000US12086,12,086
0500000US12089,12,089
0500000US12093,12,093
0500000US12095,12,095
0500000US12097,12,097
0500000US12101,12,101
0500000US12103,12,103
0500000US12113,12,113
0500000US12117,12,117
0500000US12119,12,119
0500000US12121,12,121
0500000US12123,12,123
0500000US12125,12,125
0500000US12129,12,129
0500000US12133,12,133
0500000US12115,12,115
0500000US12131,12,131
0500000US12017,12,017
0500000US12075,12,075
0500000US12127,12,127
0500000US12023,12,023
0500000US13057,13,057
0500000US13059,13,059
0500000US13061,13,061
0500000US13063,13,063
0500000US13065,13,065
0500000US13001,13,001
0500000US13007,13,007
0500000US13009,13,009
0500000US13013,13,013
0500000US13015,13,015
0500000US13019,13,019
0500000US13021,13,021
0500000US13025,13,025
0500000US13027,13,027
0500000US13029,13,029
0500000US13033,13,033
0500000US13039,13,039
0500000US13049,13,049
0500000US13051,13,051
0500000US13075,13,075
0500000US13079,13,079
0500000US13081,13,081
0500000US13089,13,089
0500000US13103,13,103
0500000US13105,13,105
0500000US13107,13,107
0500000US13113,13,113
0500000US13121,13,121
0500000US13127,13,127
0500000US13131,13,131
0500000US13135,13,135
0500000US13137,13,137
0500000US13141,13,141
0500000US13149,13,149
0500000US13151,13,151
0500000US13163,13,163
0500000US13171,13,171
0500000US13179,13,179
0500000US13183,13,183
0500000US13185,13,185
0500000US13189,13,189
0500000US13191,13,191
0500000US13195,13,195
0500000US13201,13,201
0500000US13213,13,213
0500000US13217,13,217
0500000US13219,13,219
0500000US13221,13,221
0500000US13223,13,223
0500000US13229,13,229
0500000US13241,13,241
0500000US13245,13,245
0500000US13249,13,249
0500000US13251,13,251
0500000US13267,13,267
0500000US13269,13,269
0500000US13271,13,271
0500000US13285,13,285
0500000US13289,13,289
0500000US13291,13,291
0500000US13301,13,301
0500000US13303,13,303
0500000US13305,13,305
0500000US13309,13,309
0500000US13313,13,313
0500000US13317,13,317
0500000US13319,13,319
0500000US13003,13,003
0500000US13005,13,005
0500000US13011,13,011
0500000US13017,13,017
0500000US13023,13,023
0500000US13031,13,031
0500000US13035,13,035
0500000US13037,13,037
0500000US13043,13,043
0500000US13045,13,045
0500000US13047,13,047
0500000US13053,13,053
0500000US13055,13,055
0500000US13077,13,077
0500000US13083,13,083
0500000US13085,13,085
0500000US13087,13,087
0500000US13091,13,091
0500000US13093,13,093
0500000US13095,13,095
0500000US13097,13,097
0500000US13099,13,099
0500000US13101,13,101
0500000US13109,13,109
0500000US13111,13,111
0500000US13115,13,115
0500000US13117,13,117
0500000US13119,13,119
0500000US13067,13,067
0500000US13069,13,069
0500000US13071,13,071
0500000US13073,13,073
0500000US13139,13,139
0500000US13143,13,143
0500000US13145,13,145
0500000US13147,13,147
0500000US13153,13,153
0500000US13155,13,155
0500000US13157,13,157
0500000US13159,13,159
0500000US13161,13,161
0500000US13165,13,165
0500000US13167,13,167
0500000US13169,13,169
0500000US13173,13,173
0500000US13175,13,175
0500000US13177,13,177
0500000US13181,13,181
0500000US13123,13,123
0500000US13125,13,125
0500000US13129,13,129
0500000US13133,13,133
0500000US13187,13,187
0500000US13193,13,193
0500000US13197,13,197
0500000US13199,13,199
0500000US13205,13,205
0500000US13225,13,225
0500000US13227,13,227
0500000US13231,13,231
0500000US13233,13,233
0500000US13235,13,235
0500000US13207,13,207
0500000US13209,13,209
0500000US13211,13,211
0500000US13215,13,215
0500000US13255,13,255
0500000US13257,13,257
0500000US13259,13,259
0500000US13261,13,261
0500000US13263,13,263
0500000US13265,13,265
0500000US13273,13,273
0500000US13275,13,275
0500000US13277,13,277
0500000US13279,13,279
0500000US13281,13,281
0500000US13283,13,283
0500000US13287,13,287
0500000US13237,13,237
0500000US13239,13,239
0500000US13243,13,243
0500000US13247,13,247
0500000US13253,13,253
0500000US13311,13,311
0500000US13315,13,315
0500000US13321,13,321
0500000US13293,13,293
0500000US13295,13,295
0500000US13297,13,297
0500000US13299,13,299
0500000US13307,13,307
0500000US15001,15,001
0500000US15003,15,003
0500000US15005,15,005
0500000US15007,15,007
0500000US15009,15,009
0500000US16075,16,075
0500000US16081,16,081
0500000US16025,16,025
0500000US16087,16,087
0500000US16001,16,001
0500000US16003,16,003
0500000US16005,16,005
0500000US16007,16,007
0500000US16009,16,009
0500000US16011,16,011
0500000US16013,16,013
0500000US16015,16,015
0500000US16021,16,021
0500000US16023,16,023
0500000US16029,16,029
0500000US16035,16,035
0500000US16037,16,037
0500000US16039,16,039
0500000US16041,16,041
0500000US16043,16,043
0500000US16049,16,049
0500000US16059,16,059
0500000US16061,16,061
0500000US16063,16,063
0500000US16069,16,069
0500000US16073,16,073
0500000US16077,16,077
0500000US16079,16,079
0500000US16083,16,083
0500000US16085,16,085
0500000US16017,16,017
0500000US16019,16,019
0500000US16027,16,027
0500000US16031,16,031
0500000US16033,16,033
0500000US16045,16,045
0500000US16047,16,047
0500000US16051,16,051
0500000US16053,16,053
0500000US16055,16,055
0500000US16057,16,057
0500000US16065,16,065
0500000US16067,16,067
0500000US16071,16,071
0500000US17051,17,051
0500000US17053,17,053
0500000US17055,17,055
0500000US17057,17,057
0500000US17061,17,061
0500000US17063,17,063
0500000US17003,17,003
0500000US17005,17,005
0500000US17017,17,017
0500000US17023,17,023
0500000US17027,17,027
0500000US17031,17,031
0500000US17043,17,043
0500000US17059,17,059
0500000US17079,17,079
0500000US17097,17,097
0500000US17101,17,101
0500000US17123,17,123
0500000US17125,17,125
0500000US17129,17,129
0500000US17147,17,147
0500000US17153,17,153
0500000US17161,17,161
0500000US17165,17,165
0500000US17181,17,181
0500000US17185,17,185
0500000US17189,17,189
0500000US17197,17,197
0500000US17001,17,001
0500000US17007,17,007
0500000US17009,17,009
0500000US17011,17,011
0500000US17013,17,013
0500000US17015,17,015
0500000US17019,17,019
0500000US17021,17,021
0500000US17025,17,025
0500000US17029,17,029
0500000US17033,17,033
0500000US17035,17,035
0500000US17037,17,037
0500000US17039,17,039
0500000US17041,17,041
0500000US17045,17,045
0500000US17047,17,047
0500000US17049,17,049
0500000US17103,17,103
0500000US17105,17,105
0500000US17107,17,107
0500000US17109,17,109
0500000US17111,17,111
0500000US17113,17,113
0500000US17115,17,115
0500000US17065,17,065
0500000US17067,17,067
0500000US17069,17,069
0500000US17071,17,071
0500000US17073,17,073
0500000US17075,17,075
0500000US17077,17,077
0500000US17081,17,081
0500000US17083,17,083
0500000US17085,17,085
0500000US17087,17,087
0500000US17089,17,089
0500000US17091,17,091
0500000US17093,17,093
0500000US17095,17,095
0500000US17099,17,099
0500000US17163,17,163
0500000US17167,17,167
0500000US17169,17,169
0500000US17171,17,171
0500000US17173,17,173
0500000US17117,17,117
0500000US17119,17,119
0500000US17121,17,121
0500000US17127,17,127
0500000US17131,17,131
0500000US17133,17,133
0500000US17135,17,135
0500000US17137,17,137
0500000US17139,17,139
0500000US17141,17,141
0500000US17143,17,143
0500000US17145,17,145
0500000US17149,17,149
0500000US17151,17,151
0500000US17155,17,155
0500000US17157,17,157
0500000US17159,17,159
0500000US17175,17,175
0500000US17177,17,177
0500000US17179,17,179
0500000US17183,17,183
0500000US17187,17,187
0500000US17191,17,191
0500000US17193,17,193
0500000US17195,17,195
0500000US17199,17,199
0500000US17201,17,201
0500000US17203,17,203
0500000US18025,18,025
0500000US18029,18,029
0500000US18031,18,031
0500000US18035,18,035
0500000US18037,18,037
0500000US18039,18,039
0500000US18041,18,041
0500000US18043,18,043
0500000US18045,18,045
0500000US18047,18,047
0500000US18053,18,053
0500000US18055,18,055
0500000US18057,18,057
0500000US18059,18,059
0500000US18063,18,063
0500000US18065,18,065
0500000US18069,18,069
0500000US18073,18,073
0500000US18075,18,075
0500000US18077,18,077
0500000US18079,18,079
0500000US18081,18,081
0500000US18085,18,085
0500000US18087,18,087
0500000US18001,18,001
0500000US18007,18,007
0500000US18017,18,017
0500000US18027,18,027
0500000US18033,18,033
0500000US18049,18,049
0500000US18051,18,051
0500000US18061,18,061
0500000US18067,18,067
0500000US18071,18,071
0500000US18083,18,083
0500000US18093,18,093
0500000US18107,18,107
0500000US18123,18,123
0500000US18125,18,125
0500000US18131,18,131
0500000US18145,18,145
0500000US18147,18,147
0500000US18161,18,161
0500000US18175,18,175
0500000US18179,18,179
0500000US18181,18,181
0500000US18003,18,003
0500000US18005,18,005
0500000US18009,18,009
0500000US18011,18,011
0500000US18013,18,013
0500000US18015,18,015
0500000US18019,18,019
0500000US18021,18,021
0500000US18023,18,023
0500000US18105,18,105
0500000US18109,18,109
0500000US18111,18,111
0500000US18113,18,113
0500000US18115,18,115
0500000US18117,18,117
0500000US18119,18,119
0500000US18121,18,121
0500000US18127,18,127
0500000US18149,18,149
0500000US18151,18,151
0500000US18153,18,153
0500000US18155,18,155
0500000US18157,18,157
0500000US18159,18,159
0500000US18163,18,163
0500000US18129,18,129
0500000US18133,18,133
0500000US18135,18,135
0500000US18137,18,137
0500000US18139,18,139
0500000US18141,18,141
0500000US18143,18,143
0500000US18089,18,089
0500000US18091,18,091
0500000US18095,18,095
0500000US18097,18,097
0500000US18099,18,099
0500000US18101,18,101
0500000US18103,18,103
0500000US18165,18,165
0500000US18167,18,167
0500000US18169,18,169
0500000US18171,18,171
0500000US18173,18,173
0500000US18177,18,177
0500000US18183,18,183
0500000US19185,19,185
0500000US19187,19,187
0500000US19189,19,189
0500000US19191,19,191
0500000US19193,19,193
0500000US19195,19,195
0500000US19197,19,197
0500000US19003,19,003
0500000US19005,19,005
0500000US19007,19,007
0500000US19039,19,039
0500000US19041,19,041
0500000US19043,19,043
0500000US19047,19,047
0500000US19049,19,049
0500000US19051,19,051
0500000US19053,19,053
0500000US19057,19,057
0500000US19059,19,059
0500000US19061,19,061
0500000US19063,19,063
0500000US19065,19,065
0500000US19069,19,069
0500000US19071,19,071
0500000US19073,19,073
0500000US19075,19,075
0500000US19011,19,011
0500000US19013,19,013
0500000US19015,19,015
0500000US19017,19,017
0500000US19019,19,019
0500000US19023,19,023
0500000US19025,19,025
0500000US19027,19,027
0500000US19029,19,029
0500000US19031,19,031
0500000US19035,19,035
0500000US19037,19,037
0500000US19001,19,001
0500000US19009,19,009
0500000US19021,19,021
0500000US19033,19,033
0500000US19045,19,045
0500000US19055,19,055
0500000US19067,19,067
0500000US19081,19,081
0500000US19099,19,099
0500000US19111,19,111
0500000US19117,19,117
0500000US19131,19,131
0500000US19141,19,141
0500000US19157,19,157
0500000US19163,19,163
0500000US19175,19,175
0500000US19121,19,121
0500000US19123,19,123
0500000US19125,19,125
0500000US19127,19,127
0500000US19129,19,129
0500000US19133,19,133
0500000US19135,19,135
0500000US19137,19,137
0500000US19139,19,139
0500000US19143,19,143
0500000US19145,19,145
0500000US19147,19,147
0500000US19149,19,149
0500000US19151,19,151
0500000US19153,19,153
0500000US19155,19,155
0500000US19077,19,077
0500000US19079,19,079
0500000US19083,19,083
0500000US19085,19,085
0500000US19087,19,087
0500000US19089,19,089
0500000US19091,19,091
0500000US19093,19,093
0500000US19095,19,095
0500000US19097,19,097
0500000US19101,19,101
0500000US19103,19,103
0500000US19105,19,105
0500000US19107,19,107
0500000US19109,19,109
0500000US19113,19,113
0500000US19115,19,115
0500000US19119,19,119
0500000US19159,19,159
0500000US19161,19,161
0500000US19165,19,165
0500000US19167,19,167
0500000US19169,19,169
0500000US19171,19,171
0500000US19173,19,173
0500000US19177,19,177
0500000US19179,19,179
0500000US19181,19,181
0500000US19183,19,183
0500000US20021,20,021
0500000US20023,20,023
0500000US20025,20,025
0500000US20027,20,027
0500000US20029,20,029
0500000US20031,20,031
0500000US20035,20,035
0500000US20037,20,037
0500000US20039,20,039
0500000US20041,20,041
0500000US20043,20,043
0500000US20045,20,045
0500000US20049,20,049
0500000US20051,20,051
0500000US20053,20,053
0500000US20057,20,057
0500000US20059,20,059
0500000US20061,20,061
0500000US20063,20,063
0500000US20065,20,065
0500000US20069,20,069
0500000US20071,20,071
0500000US20073,20,073
0500000US20075,20,075
0500000US20077,20,077
0500000US20079,20,079
0500000US20083,20,083
0500000US20085,20,085
0500000US20001,20,001
0500000US20003,20,003
0500000US20017,20,017
0500000US20033,20,033
0500000US20047,20,047
0500000US20055,20,055
0500000US20067,20,067
0500000US20081,20,081
0500000US20093,20,093
0500000US20097,20,097
0500000US20113,20,113
0500000US20129,20,129
0500000US20143,20,143
0500000US20149,20,149
0500000US20161,20,161
0500000US20165,20,165
0500000US20171,20,171
0500000US20185,20,185
0500000US20187,20,187
0500000US20189,20,189
0500000US20193,20,193
0500000US20203,20,203
0500000US20005,20,005
0500000US20007,20,007
0500000US20009,20,009
0500000US20011,20,011
0500000US20013,20,013
0500000US20015,20,015
0500000US20019,20,019
0500000US20087,20,087
0500000US20089,20,089
0500000US20091,20,091
0500000US20095,20,095
0500000US20099,20,099
0500000US20101,20,101
0500000US20103,20,103
0500000US20105,20,105
0500000US20157,20,157
0500000US20159,20,159
0500000US20163,20,163
0500000US20167,20,167
0500000US20169,20,169
0500000US20173,20,173
0500000US20175,20,175
0500000US20177,20,177
0500000US20179,20,179
0500000US20107,20,107
0500000US20109,20,109
0500000US20111,20,111
0500000US20115,20,115
0500000US20117,20,117
0500000US20119,20,119
0500000US20121,20,121
0500000US20123,20,123
0500000US20125,20,125
0500000US20127,20,127
0500000US20131,20,131
0500000US20133,20,133
0500000US20135,20,135
0500000US20137,20,137
0500000US20139,20,139
0500000US20141,20,141
0500000US20145,20,145
0500000US20147,20,147
0500000US20151,20,151
0500000US20153,20,153
0500000US20155,20,155
0500000US20181,20,181
0500000US20183,20,183
0500000US20191,20,191
0500000US20195,20,195
0500000US20197,20,197
0500000US20199,20,199
0500000US20201,20,201
0500000US20205,20,205
0500000US20207,20,207
0500000US20209,20,209
0500000US21183,21,183
0500000US21185,21,185
0500000US21187,21,187
0500000US21189,21,189
0500000US21191,21,191
0500000US21193,21,193
0500000US21195,21,195
0500000US21197,21,197
0500000US21199,21,199
0500000US21201,21,201
0500000US21203,21,203
0500000US21205,21,205
0500000US21209,21,209
0500000US21213,21,213
0500000US21217,21,217
0500000US21229,21,229
0500000US21235,21,235
0500000US21237,21,237
0500000US21239,21,239
0500000US21207,21,207
0500000US21211,21,211
0500000US21215,21,215
0500000US21219,21,219
0500000US21221,21,221
0500000US21223,21,223
0500000US21225,21,225
0500000US21227,21,227
0500000US21231,21,231
0500000US21233,21,233
0500000US21007,21,007
0500000US21009,21,009
0500000US21015,21,015
0500000US21019,21,019
0500000US21021,21,021
0500000US21023,21,023
0500000US21001,21,001
0500000US21003,21,003
0500000US21005,21,005
0500000US21013,21,013
0500000US21017,21,017
0500000US21025,21,025
0500000US21027,21,027
0500000US21029,21,029
0500000US21031,21,031
0500000US21033,21,033
0500000US21043,21,043
0500000US21049,21,049
0500000US21051,21,051
0500000US21055,21,055
0500000US21059,21,059
0500000US21061,21,061
0500000US21067,21,067
0500000US21071,21,071
0500000US21079,21,079
0500000US21085,21,085
0500000US21089,21,089
0500000US21093,21,093
0500000US21095,21,095
0500000US21097,21,097
0500000US21101,21,101
0500000US21107,21,107
0500000US21109,21,109
0500000US21115,21,115
0500000US21119,21,119
0500000US21121,21,121
0500000US21123,21,123
0500000US21125,21,125
0500000US21131,21,131
0500000US21133,21,133
0500000US21135,21,135
0500000US21139,21,139
0500000US21151,21,151
0500000US21153,21,153
0500000US21155,21,155
0500000US21165,21,165
0500000US21167,21,167
0500000US21169,21,169
0500000US21175,21,175
0500000US21177,21,177
0500000US21179,21,179
0500000US21035,21,035
0500000US21037,21,037
0500000US21039,21,039
0500000US21041,21,041
0500000US21045,21,045
0500000US21047,21,047
0500000US21087,21,087
0500000US21091,21,091
0500000US21099,21,099
0500000US21103,21,103
0500000US21105,21,105
0500000US21111,21,111
0500000US21113,21,113
0500000US21117,21,117
0500000US21053,21,053
0500000US21057,21,057
0500000US21063,21,063
0500000US21069,21,069
0500000US21073,21,073
0500000US21075,21,075
0500000US21077,21,077
0500000US21081,21,081
0500000US21083,21,083
0500000US21129,21,129
0500000US21137,21,137
0500000US21141,21,141
0500000US21143,21,143
0500000US21145,21,145
0500000US21147,21,147
0500000US21149,21,149
0500000US21159,21,159
0500000US21011,21,011
0500000US21157,21,157
0500000US21161,21,161
0500000US21163,21,163
0500000US21171,21,171
0500000US21173,21,173
0500000US21181,21,181
0500000US21065,21,065
0500000US21127,21,127
0500000US22047,22,047
0500000US22049,22,049
0500000US22059,22,059
0500000US22061,22,061
0500000US22069,22,069
0500000US22073,22,073
0500000US22079,22,079
0500000US22083,22,083
0500000US22087,22,087
0500000US22089,22,089
0500000US22093,22,093
0500000US22095,22,095
0500000US22101,22,101
0500000US22115,22,115
0500000US22121,22,121
0500000US22125,22,125
0500000US22021,22,021
0500000US22075,22,075
0500000US22119,22,119
0500000US22001,22,001
0500000US22003,22,003
0500000US22005,22,005
0500000US22007,22,007
0500000US22009,22,009
0500000US22013,22,013
0500000US22015,22,015
0500000US22017,22,017
0500000US22025,22,025
0500000US22029,22,029
0500000US22031,22,031
0500000US22033,22,033
0500000US22035,22,035
0500000US22037,22,037
0500000US22039,22,039
0500000US22041,22,041
0500000US22045,22,045
0500000US22051,22,051
0500000US22053,22,053
0500000US22055,22,055
0500000US22057,22,057
0500000US22063,22,063
0500000US22065,22,065
0500000US22067,22,067
0500000US22071,22,071
0500000US22077,22,077
0500000US22081,22,081
0500000US22085,22,085
0500000US22091,22,091
0500000US22097,22,097
0500000US22099,22,099
0500000US22103,22,103
0500000US22105,22,105
0500000US22107,22,107
0500000US22109,22,109
0500000US22111,22,111
0500000US22113,22,113
0500000US22117,22,117
0500000US22123,22,123
0500000US22127,22,127
0500000US22011,22,011
0500000US22019,22,019
0500000US22023,22,023
0500000US22027,22,027
0500000US22043,22,043
0500000US23001,23,001
0500000US23003,23,003
0500000US23005,23,005
0500000US23007,23,007
0500000US23009,23,009
0500000US23011,23,011
0500000US23013,23,013
0500000US23015,23,015
0500000US23017,23,017
0500000US23019,23,019
0500000US23021,23,021
0500000US23023,23,023
0500000US23025,23,025
0500000US23027,23,027
0500000US23029,23,029
0500000US23031,23,031
0500000US24001,24,001
0500000US24003,24,003
0500000US24005,24,005
0500000US24009,24,009
0500000US24011,24,011
0500000US24013,24,013
0500000US24015,24,015
0500000US24017,24,017
0500000US24019,24,019
0500000US24021,24,021
0500000US24023,24,023
0500000US24025,24,025
0500000US24027,24,027
0500000US24029,24,029
0500000US24031,24,031
0500000US24033,24,033
0500000US24035,24,035
0500000US24037,24,037
0500000US24039,24,039
0500000US24041,24,041
0500000US24043,24,043
0500000US24045,24,045
0500000US24047,24,047
0500000US24510,24,510
0500000US25001,25,001
0500000US25003,25,003
0500000US25005,25,005
0500000US25007,25,007
0500000US25009,25,009
0500000US25011,25,011
0500000US25013,25,013
0500000US25015,25,015
0500000US25017,25,017
0500000US25019,25,019
0500000US25021,25,021
0500000US25023,25,023
0500000US25025,25,025
0500000US25027,25,027
0500000US26067,26,067
0500000US26069,26,069
0500000US26071,26,071
0500000US26075,26,075
0500000US26077,26,077
0500000US26079,26,079
0500000US26001,26,001
0500000US26003,26,003
0500000US26007,26,007
0500000US26013,26,013
0500000US26017,26,017
0500000US26029,26,029
0500000US26033,26,033
0500000US26039,26,039
0500000US26041,26,041
0500000US26047,26,047
0500000US26055,26,055
0500000US26061,26,061
0500000US26063,26,063
0500000US26073,26,073
0500000US26083,26,083
0500000US26089,26,089
0500000US26097,26,097
0500000US26099,26,099
0500000US26103,26,103
0500000US26107,26,107
0500000US26109,26,109
0500000US26115,26,115
0500000US26129,26,129
0500000US26135,26,135
0500000US26141,26,141
0500000US26147,26,147
0500000US26163,26,163
0500000US26165,26,165
0500000US26005,26,005
0500000US26009,26,009
0500000US26011,26,011
0500000US26015,26,015
0500000US26019,26,019
0500000US26021,26,021
0500000US26023,26,023
0500000US26025,26,025
0500000US26027,26,027
0500000US26031,26,031
0500000US26035,26,035
0500000US26037,26,037
0500000US26043,26,043
0500000US26045,26,045
0500000US26049,26,049
0500000US26051,26,051
0500000US26057,26,057
0500000US26059,26,059
0500000US26065,26,065
0500000US26139,26,139
0500000US26143,26,143
0500000US26145,26,145
0500000US26149,26,149
0500000US26151,26,151
0500000US26153,26,153
0500000US26081,26,081
0500000US26085,26,085
0500000US26087,26,087
0500000US26091,26,091
0500000US26093,26,093
0500000US26095,26,095
0500000US26101,26,101
0500000US26105,26,105
0500000US26111,26,111
0500000US26113,26,113
0500000US26117,26,117
0500000US26119,26,119
0500000US26121,26,121
0500000US26123,26,123
0500000US26125,26,125
0500000US26127,26,127
0500000US26131,26,131
0500000US26133,26,133
0500000US26137,26,137
0500000US26155,26,155
0500000US26157,26,157
0500000US26159,26,159
0500000US26161,26,161
0500000US26053,26,053
0500000US27055,27,055
0500000US27057,27,057
0500000US27059,27,059
0500000US27063,27,063
0500000US27065,27,065
0500000US27067,27,067
0500000US27071,27,071
0500000US27001,27,001
0500000US27013,27,013
0500000US27015,27,015
0500000US27021,27,021
0500000US27023,27,023
0500000US27027,27,027
0500000US27031,27,031
0500000US27033,27,033
0500000US27051,27,051
0500000US27053,27,053
0500000US27061,27,061
0500000US27069,27,069
0500000US27073,27,073
0500000US27075,27,075
0500000US27077,27,077
0500000US27083,27,083
0500000US27089,27,089
0500000US27097,27,097
0500000US27103,27,103
0500000US27107,27,107
0500000US27113,27,113
0500000US27119,27,119
0500000US27125,27,125
0500000US27127,27,127
0500000US27129,27,129
0500000US27137,27,137
0500000US27139,27,139
0500000US27145,27,145
0500000US27163,27,163
0500000US27167,27,167
0500000US27171,27,171
0500000US27173,27,173
0500000US27003,27,003
0500000US27005,27,005
0500000US27007,27,007
0500000US27009,27,009
0500000US27011,27,011
0500000US27017,27,017
0500000US27019,27,019
0500000US27025,27,025
0500000US27029,27,029
0500000US27035,27,035
0500000US27037,27,037
0500000US27039,27,039
0500000US27041,27,041
0500000US27043,27,043
0500000US27045,27,045
0500000US27047,27,047
0500000US27049,27,049
0500000US27147,27,147
0500000US27149,27,149
0500000US27151,27,151
0500000US27153,27,153
0500000US27155,27,155
0500000US27157,27,157
0500000US27159,27,159
0500000US27165,27,165
0500000US27079,27,079
0500000US27081,27,081
0500000US27085,27,085
0500000US27087,27,087
0500000US27091,27,091
0500000US27093,27,093
0500000US27095,27,095
0500000US27099,27,099
0500000US27101,27,101
0500000US27105,27,105
0500000US27109,27,109
0500000US27111,27,111
0500000US27115,27,115
0500000US27117,27,117
0500000US27121,27,121
0500000US27123,27,123
0500000US27131,27,131
0500000US27133,27,133
0500000US27135,27,135
0500000US27141,27,141
0500000US27143,27,143
0500000US27169,27,169
0500000US27161,27,161
0500000US28027,28,027
0500000US28029,28,029
0500000US28031,28,031
0500000US28035,28,035
0500000US28037,28,037
0500000US28041,28,041
0500000US28043,28,043
0500000US28045,28,045
0500000US28047,28,047
0500000US28057,28,057
0500000US28059,28,059
0500000US28061,28,061
0500000US28063,28,063
0500000US28065,28,065
0500000US28069,28,069
0500000US28071,28,071
0500000US28073,28,073
0500000US28075,28,075
0500000US28077,28,077
0500000US28001,28,001
0500000US28003,28,003
0500000US28007,28,007
0500000US28009,28,009
0500000US28011,28,011
0500000US28017,28,017
0500000US28021,28,021
0500000US28033,28,033
0500000US28039,28,039
0500000US28049,28,049
0500000US28051,28,051
0500000US28053,28,053
0500000US28055,28,055
0500000US28067,28,067
0500000US28083,28,083
0500000US28087,28,087
0500000US28089,28,089
0500000US28099,28,099
0500000US28109,28,109
0500000US28121,28,121
0500000US28137,28,137
0500000US28143,28,143
0500000US28149,28,149
0500000US28151,28,151
0500000US28157,28,157
0500000US28159,28,159
0500000US28163,28,163
0500000US28005,28,005
0500000US28013,28,013
0500000US28015,28,015
0500000US28019,28,019
0500000US28023,28,023
0500000US28025,28,025
0500000US28097,28,097
0500000US28101,28,101
0500000US28103,28,103
0500000US28105,28,105
0500000US28107,28,107
0500000US28111,28,111
0500000US28113,28,113
0500000US28115,28,115
0500000US28117,28,117
0500000US28119,28,119
0500000US28123,28,123
0500000US28145,28,145
0500000US28147,28,147
0500000US28153,28,153
0500000US28155,28,155
0500000US28161,28,161
0500000US28129,28,129
0500000US28125,28,125
0500000US28127,28,127
0500000US28131,28,131
0500000US28133,28,133
0500000US28135,28,135
0500000US28139,28,139
0500000US28141,28,141
0500000US28079,28,079
0500000US28081,28,081
0500000US28085,28,085
0500000US28091,28,091
0500000US28093,28,093
0500000US28095,28,095
0500000US29053,29,053
0500000US29055,29,055
0500000US29059,29,059
0500000US29061,29,061
0500000US29063,29,063
0500000US29065,29,065
0500000US29067,29,067
0500000US29071,29,071
0500000US29001,29,001
0500000US29013,29,013
0500000US29017,29,017
0500000US29023,29,023
0500000US29027,29,027
0500000US29029,29,029
0500000US29031,29,031
0500000US29033,29,033
0500000US29041,29,041
0500000US29057,29,057
0500000US29069,29,069
0500000US29075,29,075
0500000US29087,29,087
0500000US29095,29,095
0500000US29099,29,099
0500000US29103,29,103
0500000US29115,29,115
0500000US29137,29,137
0500000US29143,29,143
0500000US29157,29,157
0500000US29167,29,167
0500000US29171,29,171
0500000US29183,29,183
0500000US29185,29,185
0500000US29189,29,189
0500000US29195,29,195
0500000US29199,29,199
0500000US29207,29,207
0500000US29225,29,225
0500000US29003,29,003
0500000US29005,29,005
0500000US29007,29,007
0500000US29009,29,009
0500000US29011,29,011
0500000US29015,29,015
0500000US29019,29,019
0500000US29021,29,021
0500000US29025,29,025
0500000US29035,29,035
0500000US29037,29,037
0500000US29039,29,039
0500000US29043,29,043
0500000US29045,29,045
0500000US29047,29,047
0500000US29049,29,049
0500000US29051,29,051
0500000US29127,29,127
0500000US29129,29,129
0500000US29131,29,131
0500000US29133,29,133
0500000US29135,29,135
0500000US29139,29,139
0500000US29073,29,073
0500000US29077,29,077
0500000US29079,29,079
0500000US29081,29,081
0500000US29083,29,083
0500000US29085,29,085
0500000US29089,29,089
0500000US29091,29,091
0500000US29093,29,093
0500000US29097,29,097
0500000US29101,29,101
0500000US29105,29,105
0500000US29107,29,107
0500000US29109,29,109
0500000US29111,29,111
0500000US29113,29,113
0500000US29117,29,117
0500000US29119,29,119
0500000US29121,29,121
0500000US29123,29,123
0500000US29125,29,125
0500000US29197,29,197
0500000US29201,29,201
0500000US29203,29,203
0500000US29205,29,205
0500000US29209,29,209
0500000US29211,29,211
0500000US29213,29,213
0500000US29215,29,215
0500000US29141,29,141
0500000US29145,29,145
0500000US29147,29,147
0500000US29149,29,149
0500000US29151,29,151
0500000US29153,29,153
0500000US29155,29,155
0500000US29159,29,159
0500000US29161,29,161
0500000US29163,29,163
0500000US29165,29,165
0500000US29169,29,169
0500000US29173,29,173
0500000US29175,29,175
0500000US29177,29,177
0500000US29179,29,179
0500000US29181,29,181
0500000US29186,29,186
0500000US29187,29,187
0500000US29510,29,510
0500000US29217,29,217
0500000US29219,29,219
0500000US29221,29,221
0500000US29223,29,223
0500000US29227,29,227
0500000US29229,29,229
0500000US30001,30,001
0500000US30003,30,003
0500000US30005,30,005
0500000US30007,30,007
0500000US30009,30,009
0500000US30011,30,011
0500000US30013,30,013
0500000US30015,30,015
0500000US30017,30,017
0500000US30019,30,019
0500000US30021,30,021
0500000US30023,30,023
0500000US30027,30,027
0500000US30029,30,029
0500000US30031,30,031
0500000US30033,30,033
0500000US30035,30,035
0500000US30039,30,039
0500000US30043,30,043
0500000US30045,30,045
0500000US30047,30,047
0500000US30049,30,049
0500000US30053,30,053
0500000US30055,30,055
0500000US30057,30,057
0500000US30059,30,059
0500000US30061,30,061
0500000US30069,30,069
0500000US30071,30,071
0500000US30073,30,073
0500000US30077,30,077
0500000US30081,30,081
0500000US30083,30,083
0500000US30085,30,085
0500000US30089,30,089
0500000US30093,30,093
0500000US30099,30,099
0500000US30105,30,105
0500000US30091,30,091
0500000US30095,30,095
0500000US30097,30,097
0500000US30101,30,101
0500000US30103,30,103
0500000US30107,30,107
0500000US30109,30,109
0500000US30111,30,111
0500000US30025,30,025
0500000US30037,30,037
0500000US30041,30,041
0500000US30051,30,051
0500000US30063,30,063
0500000US30065,30,065
0500000US30067,30,067
0500000US30075,30,075
0500000US30079,30,079
0500000US30087,30,087
0500000US31051,31,051
0500000US31053,31,053
0500000US31055,31,055
0500000US31057,31,057
0500000US31059,31,059
0500000US31063,31,063
0500000US31065,31,065
0500000US31001,31,001
0500000US31029,31,029
0500000US31033,31,033
0500000US31049,31,049
0500000US31061,31,061
0500000US31075,31,075
0500000US31091,31,091
0500000US31101,31,101
0500000US31113,31,113
0500000US31125,31,125
0500000US31151,31,151
0500000US31163,31,163
0500000US31171,31,171
0500000US31003,31,003
0500000US31005,31,005
0500000US31007,31,007
0500000US31009,31,009
0500000US31011,31,011
0500000US31013,31,013
0500000US31015,31,015
0500000US31017,31,017
0500000US31019,31,019
0500000US31021,31,021
0500000US31023,31,023
0500000US31025,31,025
0500000US31027,31,027
0500000US31031,31,031
0500000US31035,31,035
0500000US31037,31,037
0500000US31039,31,039
0500000US31041,31,041
0500000US31043,31,043
0500000US31045,31,045
0500000US31047,31,047
0500000US31103,31,103
0500000US31105,31,105
0500000US31107,31,107
0500000US31109,31,109
0500000US31111,31,111
0500000US31115,31,115
0500000US31117,31,117
0500000US31119,31,119
0500000US31121,31,121
0500000US31123,31,123
0500000US31127,31,127
0500000US31129,31,129
0500000US31131,31,131
0500000US31133,31,133
0500000US31067,31,067
0500000US31069,31,069
0500000US31071,31,071
0500000US31073,31,073
0500000US31077,31,077
0500000US31079,31,079
0500000US31081,31,081
0500000US31083,31,083
0500000US31085,31,085
0500000US31087,31,087
0500000US31089,31,089
0500000US31093,31,093
0500000US31095,31,095
0500000US31097,31,097
0500000US31099,31,099
0500000US31165,31,165
0500000US31167,31,167
0500000US31169,31,169
0500000US31173,31,173
0500000US31175,31,175
0500000US31177,31,177
0500000US31179,31,179
0500000US31181,31,181
0500000US31183,31,183
0500000US31185,31,185
0500000US31135,31,135
0500000US31137,31,137
0500000US31139,31,139
0500000US31141,31,141
0500000US31143,31,143
0500000US31145,31,145
0500000US31147,31,147
0500000US31149,31,149
0500000US31153,31,153
0500000US31155,31,155
0500000US31157,31,157
0500000US31159,31,159
0500000US31161,31,161
0500000US32001,32,001
0500000US32003,32,003
0500000US32005,32,005
0500000US32007,32,007
0500000US32009,32,009
0500000US32011,32,011
0500000US32013,32,013
0500000US32015,32,015
0500000US32017,32,017
0500000US32019,32,019
0500000US32031,32,031
0500000US32033,32,033
0500000US32021,32,021
0500000US32023,32,023
0500000US32027,32,027
0500000US32029,32,029
0500000US32510,32,510
0500000US33001,33,001
0500000US33003,33,003
0500000US33005,33,005
0500000US33007,33,007
0500000US33009,33,009
0500000US33011,33,011
0500000US33013,33,013
0500000US33019,33,019
0500000US33017,33,017
0500000US33015,33,015
0500000US34001,34,001
0500000US34003,34,003
0500000US34005,34,005
0500000US34007,34,007
0500000US34009,34,009
0500000US34011,34,011
0500000US34013,34,013
0500000US34015,34,015
0500000US34017,34,017
0500000US34019,34,019
0500000US34021,34,021
0500000US34023,34,023
0500000US34025,34,025
0500000US34027,34,027
0500000US34029,34,029
0500000US34031,34,031
0500000US34033,34,033
0500000US34035,34,035
0500000US34037,34,037
0500000US34039,34,039
0500000US34041,34,041
0500000US35013,35,013
0500000US35019,35,019
0500000US35023,35,023
0500000US35025,35,025
0500000US35027,35,027
0500000US35028,35,028
0500000US35031,35,031
0500000US35035,35,035
0500000US35037,35,037
0500000US35041,35,041
0500000US35047,35,047
0500000US35049,35,049
0500000US35053,35,053
0500000US35057,35,057
0500000US35059,35,059
0500000US35061,35,061
0500000US35001,35,001
0500000US35003,35,003
0500000US35005,35,005
0500000US35006,35,006
0500000US35007,35,007
0500000US35009,35,009
0500000US35011,35,011
0500000US35015,35,015
0500000US35017,35,017
0500000US35021,35,021
0500000US35029,35,029
0500000US35033,35,033
0500000US35039,35,039
0500000US35043,35,043
0500000US35045,35,045
0500000US35051,35,051
0500000US35055,35,055
0500000US36001,36,001
0500000US36003,36,003
0500000US36005,36,005
0500000US36009,36,009
0500000US36011,36,011
0500000US36013,36,013
0500000US36017,36,017
0500000US36025,36,025
0500000US36031,36,031
0500000US36041,36,041
0500000US36045,36,045
0500000US36051,36,051
0500000US36053,36,053
0500000US36059,36,059
0500000US36063,36,063
0500000US36065,36,065
0500000US36067,36,067
0500000US36071,36,071
0500000US36075,36,075
0500000US36077,36,077
0500000US36081,36,081
0500000US36091,36,091
0500000US36103,36,103
0500000US36105,36,105
0500000US36113,36,113
0500000US36115,36,115
0500000US36119,36,119
0500000US36123,36,123
0500000US36069,36,069
0500000US36073,36,073
0500000US36079,36,079
0500000US36083,36,083
0500000US36007,36,007
0500000US36015,36,015
0500000US36019,36,019
0500000US36021,36,021
0500000US36023,36,023
0500000US36027,36,027
0500000US36033,36,033
0500000US36035,36,035
0500000US36037,36,037
0500000US36039,36,039
0500000US36043,36,043
0500000US36047,36,047
0500000US36049,36,049
0500000US36055,36,055
0500000US36057,36,057
0500000US36061,36,061
0500000US36085,36,085
0500000US36087,36,087
0500000US36089,36,089
0500000US36093,36,093
0500000US36095,36,095
0500000US36097,36,097
0500000US36099,36,099
0500000US36101,36,101
0500000US36107,36,107
0500000US36109,36,109
0500000US36117,36,117
0500000US36121,36,121
0500000US36029,36,029
0500000US36111,36,111
0500000US37041,37,041
0500000US37043,37,043
0500000US37045,37,045
0500000US37059,37,059
0500000US37063,37,063
0500000US37067,37,067
0500000US37069,37,069
0500000US37071,37,071
0500000US37001,37,001
0500000US37009,37,009
0500000US37013,37,013
0500000US37015,37,015
0500000US37017,37,017
0500000US37019,37,019
0500000US37021,37,021
0500000US37031,37,031
0500000US37039,37,039
0500000US37047,37,047
0500000US37049,37,049
0500000US37051,37,051
0500000US37053,37,053
0500000US37055,37,055
0500000US37057,37,057
0500000US37061,37,061
0500000US37065,37,065
0500000US37075,37,075
0500000US37083,37,083
0500000US37085,37,085
0500000US37087,37,087
0500000US37089,37,089
0500000US37093,37,093
0500000US37095,37,095
0500000US37099,37,099
0500000US37101,37,101
0500000US37103,37,103
0500000US37111,37,111
0500000US37113,37,113
0500000US37115,37,115
0500000US37117,37,117
0500000US37119,37,119
0500000US37121,37,121
0500000US37125,37,125
0500000US37127,37,127
0500000US37129,37,129
0500000US37131,37,131
0500000US37133,37,133
0500000US37141,37,141
0500000US37145,37,145
0500000US37147,37,147
0500000US37153,37,153
0500000US37155,37,155
0500000US37161,37,161
0500000US37167,37,167
0500000US37173,37,173
0500000US37175,37,175
0500000US37181,37,181
0500000US37193,37,193
0500000US37199,37,199
0500000US37003,37,003
0500000US37005,37,005
0500000US37007,37,007
0500000US37011,37,011
0500000US37023,37,023
0500000US37025,37,025
0500000US37027,37,027
0500000US37033,37,033
0500000US37035,37,035
0500000US37037,37,037
0500000US37143,37,143
0500000US37149,37,149
0500000US37151,37,151
0500000US37157,37,157
0500000US37159,37,159
0500000US37073,37,073
0500000US37077,37,077
0500000US37079,37,079
0500000US37081,37,081
0500000US37091,37,091
0500000US37097,37,097
0500000US37105,37,105
0500000US37107,37,107
0500000US37109,37,109
0500000US37123,37,123
0500000US37135,37,135
0500000US37137,37,137
0500000US37139,37,139
0500000US37165,37,165
0500000US37169,37,169
0500000US37171,37,171
0500000US37177,37,177
0500000US37179,37,179
0500000US37183,37,183
0500000US37185,37,185
0500000US37187,37,187
0500000US37189,37,189
0500000US37191,37,191
0500000US37195,37,195
0500000US37197,37,197
0500000US37163,37,163
0500000US37029,37,029
0500000US38073,38,073
0500000US38075,38,075
0500000US38079,38,079
0500000US38081,38,081
0500000US38083,38,083
0500000US38087,38,087
0500000US38089,38,089
0500000US38093,38,093
0500000US38095,38,095
0500000US38001,38,001
0500000US38003,38,003
0500000US38005,38,005
0500000US38007,38,007
0500000US38009,38,009
0500000US38011,38,011
0500000US38017,38,017
0500000US38027,38,027
0500000US38035,38,035
0500000US38037,38,037
0500000US38051,38,051
0500000US38053,38,053
0500000US38059,38,059
0500000US38067,38,067
0500000US38071,38,071
0500000US38077,38,077
0500000US38085,38,085
0500000US38091,38,091
0500000US38097,38,097
0500000US38099,38,099
0500000US38105,38,105
0500000US38013,38,013
0500000US38015,38,015
0500000US38019,38,019
0500000US38021,38,021
0500000US38023,38,023
0500000US38025,38,025
0500000US38029,38,029
0500000US38031,38,031
0500000US38033,38,033
0500000US38039,38,039
0500000US38041,38,041
0500000US38043,38,043
0500000US38045,38,045
0500000US38047,38,047
0500000US38049,38,049
0500000US38057,38,057
0500000US38061,38,061
0500000US38063,38,063
0500000US38065,38,065
0500000US38069,38,069
0500000US38101,38,101
0500000US38103,38,103
0500000US38055,38,055
0500000US39029,39,029
0500000US39031,39,031
0500000US39033,39,033
0500000US39037,39,037
0500000US39041,39,041
0500000US39043,39,043
0500000US39045,39,045
0500000US39047,39,047
0500000US39051,39,051
0500000US39053,39,053
0500000US39055,39,055
0500000US39057,39,057
0500000US39063,39,063
0500000US39065,39,065
0500000US39003,39,003
0500000US39019,39,019
0500000US39035,39,035
0500000US39039,39,039
0500000US39049,39,049
0500000US39059,39,059
0500000US39061,39,061
0500000US39079,39,079
0500000US39093,39,093
0500000US39095,39,095
0500000US39101,39,101
0500000US39137,39,137
0500000US39159,39,159
0500000US39175,39,175
0500000US39001,39,001
0500000US39005,39,005
0500000US39007,39,007
0500000US39009,39,009
0500000US39011,39,011
0500000US39013,39,013
0500000US39015,39,015
0500000US39017,39,017
0500000US39021,39,021
0500000US39023,39,023
0500000US39025,39,025
0500000US39027,39,027
0500000US39113,39,113
0500000US39115,39,115
0500000US39117,39,117
0500000US39119,39,119
0500000US39123,39,123
0500000US39125,39,125
0500000US39127,39,127
0500000US39129,39,129
0500000US39131,39,131
0500000US39067,39,067
0500000US39069,39,069
0500000US39071,39,071
0500000US39073,39,073
0500000US39075,39,075
0500000US39077,39,077
0500000US39081,39,081
0500000US39083,39,083
0500000US39085,39,085
0500000US39087,39,087
0500000US39089,39,089
0500000US39091,39,091
0500000US39097,39,097
0500000US39099,39,099
0500000US39103,39,103
0500000US39105,39,105
0500000US39107,39,107
0500000US39109,39,109
0500000US39111,39,111
0500000US39121,39,121
0500000US39133,39,133
0500000US39135,39,135
0500000US39139,39,139
0500000US39141,39,141
0500000US39143,39,143
0500000US39145,39,145
0500000US39147,39,147
0500000US39149,39,149
0500000US39151,39,151
0500000US39153,39,153
0500000US39155,39,155
0500000US39157,39,157
0500000US39161,39,161
0500000US39163,39,163
0500000US39165,39,165
0500000US39167,39,167
0500000US39169,39,169
0500000US39171,39,171
0500000US39173,39,173
0500000US40051,40,051
0500000US40053,40,053
0500000US40055,40,055
0500000US40059,40,059
0500000US40061,40,061
0500000US40001,40,001
0500000US40003,40,003
0500000US40009,40,009
0500000US40013,40,013
0500000US40023,40,023
0500000US40027,40,027
0500000US40039,40,039
0500000US40057,40,057
0500000US40065,40,065
0500000US40075,40,075
0500000US40087,40,087
0500000US40089,40,089
0500000US40095,40,095
0500000US40097,40,097
0500000US40101,40,101
0500000US40113,40,113
0500000US40117,40,117
0500000US40125,40,125
0500000US40133,40,133
0500000US40135,40,135
0500000US40137,40,137
0500000US40141,40,141
0500000US40005,40,005
0500000US40007,40,007
0500000US40011,40,011
0500000US40015,40,015
0500000US40017,40,017
0500000US40019,40,019
0500000US40021,40,021
0500000US40025,40,025
0500000US40029,40,029
0500000US40031,40,031
0500000US40033,40,033
0500000US40035,40,035
0500000US40037,40,037
0500000US40041,40,041
0500000US40043,40,043
0500000US40045,40,045
0500000US40047,40,047
0500000US40049,40,049
0500000US40093,40,093
0500000US40099,40,099
0500000US40103,40,103
0500000US40105,40,105
0500000US40107,40,107
0500000US40109,40,109
0500000US40111,40,111
0500000US40115,40,115
0500000US40119,40,119
0500000US40121,40,121
0500000US40123,40,123
0500000US40127,40,127
0500000US40063,40,063
0500000US40067,40,067
0500000US40069,40,069
0500000US40071,40,071
0500000US40073,40,073
0500000US40077,40,077
0500000US40079,40,079
0500000US40081,40,081
0500000US40083,40,083
0500000US40085,40,085
0500000US40091,40,091
0500000US40129,40,129
0500000US40131,40,131
0500000US40139,40,139
0500000US40143,40,143
0500000US40145,40,145
0500000US40147,40,147
0500000US40149,40,149
0500000US40151,40,151
0500000US40153,40,153
0500000US41059,41,059
0500000US41063,41,063
0500000US41067,41,067
0500000US41069,41,069
0500000US41071,41,071
0500000US41001,41,001
0500000US41003,41,003
0500000US41005,41,005
0500000US41007,41,007
0500000US41009,41,009
0500000US41011,41,011
0500000US41013,41,013
0500000US41015,41,015
0500000US41017,41,017
0500000US41019,41,019
0500000US41021,41,021
0500000US41023,41,023
0500000US41025,41,025
0500000US41033,41,033
0500000US41035,41,035
0500000US41039,41,039
0500000US41041,41,041
0500000US41043,41,043
0500000US41047,41,047
0500000US41051,41,051
0500000US41055,41,055
0500000US41061,41,061
0500000US41065,41,065
0500000US41027,41,027
0500000US41029,41,029
0500000US41031,41,031
0500000US41037,41,037
0500000US41045,41,045
0500000US41049,41,049
0500000US41053,41,053
0500000US41057,41,057
0500000US42009,42,009
0500000US42011,42,011
0500000US42013,42,013
0500000US42019,42,019
0500000US42021,42,021
0500000US42025,42,025
0500000US42035,42,035
0500000US42037,42,037
0500000US42039,42,039
0500000US42047,42,047
0500000US42053,42,053
0500000US42057,42,057
0500000US42063,42,063
0500000US42065,42,065
0500000US42067,42,067
0500000US42069,42,069
0500000US42073,42,073
0500000US42075,42,075
0500000US42077,42,077
0500000US42079,42,079
0500000US42001,42,001
0500000US42003,42,003
0500000US42005,42,005
0500000US42007,42,007
0500000US42015,42,015
0500000US42017,42,017
0500000US42027,42,027
0500000US42029,42,029
0500000US42031,42,031
0500000US42033,42,033
0500000US42041,42,041
0500000US42043,42,043
0500000US42045,42,045
0500000US42049,42,049
0500000US42051,42,051
0500000US42055,42,055
0500000US42059,42,059
0500000US42061,42,061
0500000US42071,42,071
0500000US42083,42,083
0500000US42089,42,089
0500000US42091,42,091
0500000US42095,42,095
0500000US42097,42,097
0500000US42099,42,099
0500000US42101,42,101
0500000US42103,42,103
0500000US42111,42,111
0500000US42123,42,123
0500000US42125,42,125
0500000US42127,42,127
0500000US42129,42,129
0500000US42133,42,133
0500000US42081,42,081
0500000US42085,42,085
0500000US42087,42,087
0500000US42093,42,093
0500000US42105,42,105
0500000US42107,42,107
0500000US42109,42,109
0500000US42023,42,023
0500000US42113,42,113
0500000US42115,42,115
0500000US42117,42,117
0500000US42119,42,119
0500000US42121,42,121
0500000US42131,42,131
0500000US44001,44,001
0500000US44003,44,003
0500000US44005,44,005
0500000US44007,44,007
0500000US44009,44,009
0500000US45021,45,021
0500000US45033,45,033
0500000US45037,45,037
0500000US45039,45,039
0500000US45047,45,047
0500000US45055,45,055
0500000US45059,45,059
0500000US45065,45,065
0500000US45069,45,069
0500000US45075,45,075
0500000US45079,45,079
0500000US45081,45,081
0500000US45091,45,091
0500000US45023,45,023
0500000US45001,45,001
0500000US45003,45,003
0500000US45005,45,005
0500000US45007,45,007
0500000US45009,45,009
0500000US45011,45,011
0500000US45013,45,013
0500000US45015,45,015
0500000US45017,45,017
0500000US45019,45,019
0500000US45025,45,025
0500000US45027,45,027
0500000US45029,45,029
0500000US45031,45,031
0500000US45035,45,035
0500000US45041,45,041
0500000US45043,45,043
0500000US45045,45,045
0500000US45049,45,049
0500000US45051,45,051
0500000US45053,45,053
0500000US45057,45,057
0500000US45061,45,061
0500000US45063,45,063
0500000US45067,45,067
0500000US45071,45,071
0500000US45073,45,073
0500000US45077,45,077
0500000US45083,45,083
0500000US45085,45,085
0500000US45087,45,087
0500000US45089,45,089
0500000US46013,46,013
0500000US46015,46,015
0500000US46019,46,019
0500000US46021,46,021
0500000US46025,46,025
0500000US46027,46,027
0500000US46029,46,029
0500000US46031,46,031
0500000US46033,46,033
0500000US46037,46,037
0500000US46039,46,039
0500000US46043,46,043
0500000US46045,46,045
0500000US46047,46,047
0500000US46049,46,049
0500000US46051,46,051
0500000US46053,46,053
0500000US46059,46,059
0500000US46061,46,061
0500000US46063,46,063
0500000US46065,46,065
0500000US46067,46,067
0500000US46071,46,071
0500000US46073,46,073
0500000US46077,46,077
0500000US46079,46,079
0500000US46081,46,081
0500000US46083,46,083
0500000US46003,46,003
0500000US46005,46,005
0500000US46007,46,007
0500000US46009,46,009
0500000US46011,46,011
0500000US46017,46,017
0500000US46023,46,023
0500000US46035,46,035
0500000US46041,46,041
0500000US46055,46,055
0500000US46069,46,069
0500000US46075,46,075
0500000US46085,46,085
0500000US46093,46,093
0500000US46095,46,095
0500000US46103,46,103
0500000US46111,46,111
0500000US46117,46,117
0500000US46123,46,123
0500000US46125,46,125
0500000US46137,46,137
0500000US46109,46,109
0500000US46113,46,113
0500000US46115,46,115
0500000US46119,46,119
0500000US46121,46,121
0500000US46127,46,127
0500000US46129,46,129
0500000US46135,46,135
0500000US46057,46,057
0500000US46087,46,087
0500000US46089,46,089
0500000US46091,46,091
0500000US46097,46,097
0500000US46099,46,099
0500000US46101,46,101
0500000US46105,46,105
0500000US46107,46,107
0500000US47067,47,067
0500000US47071,47,071
0500000US47075,47,075
0500000US47077,47,077
0500000US47083,47,083
0500000US47001,47,001
0500000US47003,47,003
0500000US47005,47,005
0500000US47009,47,009
0500000US47013,47,013
0500000US47019,47,019
0500000US47021,47,021
0500000US47025,47,025
0500000US47029,47,029
0500000US47031,47,031
0500000US47033,47,033
0500000US47035,47,035
0500000US47037,47,037
0500000US47041,47,041
0500000US47049,47,049
0500000US47053,47,053
0500000US47055,47,055
0500000US47057,47,057
0500000US47059,47,059
0500000US47063,47,063
0500000US47065,47,065
0500000US47069,47,069
0500000US47073,47,073
0500000US47079,47,079
0500000US47081,47,081
0500000US47085,47,085
0500000US47089,47,089
0500000US47091,47,091
0500000US47093,47,093
0500000US47097,47,097
0500000US47105,47,105
0500000US47107,47,107
0500000US47117,47,117
0500000US47119,47,119
0500000US47121,47,121
0500000US47123,47,123
0500000US47127,47,127
0500000US47129,47,129
0500000US47135,47,135
0500000US47141,47,141
0500000US47143,47,143
0500000US47145,47,145
0500000US47149,47,149
0500000US47151,47,151
0500000US47155,47,155
0500000US47159,47,159
0500000US47163,47,163
0500000US47165,47,165
0500000US47167,47,167
0500000US47183,47,183
0500000US47185,47,185
0500000US47187,47,187
0500000US47189,47,189
0500000US47007,47,007
0500000US47011,47,011
0500000US47015,47,015
0500000US47017,47,017
0500000US47023,47,023
0500000US47027,47,027
0500000US47039,47,039
0500000US47043,47,043
0500000US47045,47,045
0500000US47047,47,047
0500000US47051,47,051
0500000US47061,47,061
0500000US47147,47,147
0500000US47153,47,153
0500000US47157,47,157
0500000US47161,47,161
0500000US47087,47,087
0500000US47095,47,095
0500000US47099,47,099
0500000US47101,47,101
0500000US47103,47,103
0500000US47109,47,109
0500000US47111,47,111
0500000US47113,47,113
0500000US47115,47,115
0500000US47125,47,125
0500000US47131,47,131
0500000US47133,47,133
0500000US47137,47,137
0500000US47139,47,139
0500000US47169,47,169
0500000US47171,47,171
0500000US47173,47,173
0500000US47175,47,175
0500000US47177,47,177
0500000US47179,47,179
0500000US47181,47,181
0500000US48185,48,185
0500000US48189,48,189
0500000US48191,48,191
0500000US48199,48,199
0500000US48201,48,201
0500000US48203,48,203
0500000US48211,48,211
0500000US48213,48,213
0500000US48223,48,223
0500000US48225,48,225
0500000US48233,48,233
0500000US48241,48,241
0500000US48243,48,243
0500000US48261,48,261
0500000US48263,48,263
0500000US48269,48,269
0500000US48273,48,273
0500000US48277,48,277
0500000US48287,48,287
0500000US48289,48,289
0500000US48295,48,295
0500000US48301,48,301
0500000US48311,48,311
0500000US48313,48,313
0500000US48321,48,321
0500000US48327,48,327
0500000US48333,48,333
0500000US48339,48,339
0500000US48341,48,341
0500000US48343,48,343
0500000US48347,48,347
0500000US48349,48,349
0500000US48355,48,355
0500000US48217,48,217
0500000US48219,48,219
0500000US48221,48,221
0500000US48227,48,227
0500000US48229,48,229
0500000US48231,48,231
0500000US48235,48,235
0500000US48237,48,237
0500000US48367,48,367
0500000US48371,48,371
0500000US48373,48,373
0500000US48379,48,379
0500000US48383,48,383
0500000US48387,48,387
0500000US48391,48,391
0500000US48405,48,405
0500000US48407,48,407
0500000US48409,48,409
0500000US48411,48,411
0500000US48419,48,419
0500000US48423,48,423
0500000US48425,48,425
0500000US48435,48,435
0500000US48443,48,443
0500000US48447,48,447
0500000US48453,48,453
0500000US48455,48,455
0500000US48457,48,457
0500000US48467,48,467
0500000US48469,48,469
0500000US48473,48,473
0500000US48475,48,475
0500000US48481,48,481
0500000US48491,48,491
0500000US48495,48,495
0500000US48499,48,499
0500000US48507,48,507
0500000US48183,48,183
0500000US48193,48,193
0500000US48195,48,195
0500000US48197,48,197
0500000US48205,48,205
0500000US48207,48,207
0500000US48209,48,209
0500000US48215,48,215
0500000US48001,48,001
0500000US48003,48,003
0500000US48005,48,005
0500000US48007,48,007
0500000US48011,48,011
0500000US48015,48,015
0500000US48023,48,023
0500000US48025,48,025
0500000US48029,48,029
0500000US48035,48,035
0500000US48037,48,037
0500000US48039,48,039
0500000US48041,48,041
0500000US48051,48,051
0500000US48055,48,055
0500000US48057,48,057
0500000US48063,48,063
0500000US48067,48,067
0500000US48071,48,071
0500000US48073,48,073
0500000US48079,48,079
0500000US48083,48,083
0500000US48091,48,091
0500000US48101,48,101
0500000US48103,48,103
0500000US48105,48,105
0500000US48113,48,113
0500000US48119,48,119
0500000US48125,48,125
0500000US48127,48,127
0500000US48135,48,135
0500000US48153,48,153
0500000US48155,48,155
0500000US48157,48,157
0500000US48161,48,161
0500000US48167,48,167
0500000US48173,48,173
0500000US48175,48,175
0500000US48305,48,305
0500000US48307,48,307
0500000US48309,48,309
0500000US48315,48,315
0500000US48317,48,317
0500000US48319,48,319
0500000US48323,48,323
0500000US48239,48,239
0500000US48245,48,245
0500000US48247,48,247
0500000US48249,48,249
0500000US48251,48,251
0500000US48253,48,253
0500000US48255,48,255
0500000US48257,48,257
0500000US48259,48,259
0500000US48265,48,265
0500000US48267,48,267
0500000US48271,48,271
0500000US48275,48,275
0500000US48279,48,279
0500000US48281,48,281
0500000US48283,48,283
0500000US48285,48,285
0500000US48291,48,291
0500000US48293,48,293
0500000US48297,48,297
0500000US48299,48,299
0500000US48303,48,303
0500000US48403,48,403
0500000US48413,48,413
0500000US48415,48,415
0500000US48417,48,417
0500000US48421,48,421
0500000US48427,48,427
0500000US48429,48,429
0500000US48431,48,431
0500000US48433,48,433
0500000US48437,48,437
0500000US48325,48,325
0500000US48329,48,329
0500000US48331,48,331
0500000US48335,48,335
0500000US48337,48,337
0500000US48345,48,345
0500000US48351,48,351
0500000US48353,48,353
0500000US48357,48,357
0500000US48359,48,359
0500000US48361,48,361
0500000US48363,48,363
0500000US48365,48,365
0500000US48369,48,369
0500000US48375,48,375
0500000US48377,48,377
0500000US48381,48,381
0500000US48385,48,385
0500000US48393,48,393
0500000US48397,48,397
0500000US48399,48,399
0500000US48401,48,401
0500000US48439,48,439
0500000US48441,48,441
0500000US48445,48,445
0500000US48449,48,449
0500000US48451,48,451
0500000US48459,48,459
0500000US48461,48,461
0500000US48463,48,463
0500000US48465,48,465
0500000US48471,48,471
0500000US48497,48,497
0500000US48501,48,501
0500000US48503,48,503
0500000US48505,48,505
0500000US48009,48,009
0500000US48013,48,013
0500000US48017,48,017
0500000US48019,48,019
0500000US48479,48,479
0500000US48483,48,483
0500000US48485,48,485
0500000US48487,48,487
0500000US48489,48,489
0500000US48493,48,493
0500000US48097,48,097
0500000US48099,48,099
0500000US48107,48,107
0500000US48109,48,109
0500000US48111,48,111
0500000US48115,48,115
0500000US48117,48,117
0500000US48121,48,121
0500000US48123,48,123
0500000US48021,48,021
0500000US48027,48,027
0500000US48031,48,031
0500000US48033,48,033
0500000US48043,48,043
0500000US48045,48,045
0500000US48047,48,047
0500000US48049,48,049
0500000US48053,48,053
0500000US48059,48,059
0500000US48065,48,065
0500000US48069,48,069
0500000US48075,48,075
0500000US48077,48,077
0500000US48081,48,081
0500000US48085,48,085
0500000US48087,48,087
0500000US48089,48,089
0500000US48093,48,093
0500000US48095,48,095
0500000US48129,48,129
0500000US48131,48,131
0500000US48133,48,133
0500000US48137,48,137
0500000US48141,48,141
0500000US48143,48,143
0500000US48145,48,145
0500000US48147,48,147
0500000US48149,48,149
0500000US48151,48,151
0500000US48159,48,159
0500000US48163,48,163
0500000US48165,48,165
0500000US48169,48,169
0500000US48171,48,171
0500000US48177,48,177
0500000US48179,48,179
0500000US48181,48,181
0500000US48395,48,395
0500000US48477,48,477
0500000US48139,48,139
0500000US48061,48,061
0500000US48389,48,389
0500000US48187,48,187
0500000US49027,49,027
0500000US49033,49,033
0500000US49037,49,037
0500000US49039,49,039
0500000US49041,49,041
0500000US49053,49,053
0500000US49055,49,055
0500000US49045,49,045
0500000US49001,49,001
0500000US49003,49,003
0500000US49005,49,005
0500000US49007,49,007
0500000US49009,49,009
0500000US49011,49,011
0500000US49013,49,013
0500000US49015,49,015
0500000US49017,49,017
0500000US49019,49,019
0500000US49021,49,021
0500000US49023,49,023
0500000US49025,49,025
0500000US49029,49,029
0500000US49031,49,031
0500000US49035,49,035
0500000US49043,49,043
0500000US49047,49,047
0500000US49049,49,049
0500000US49051,49,051
0500000US49057,49,057
0500000US50015,50,015
0500000US50017,50,017
0500000US50019,50,019
0500000US50021,50,021
0500000US50023,50,023
0500000US50025,50,025
0500000US50027,50,027
0500000US50001,50,001
0500000US50003,50,003
0500000US50005,50,005
0500000US50007,50,007
0500000US50009,50,009
0500000US50011,50,011
0500000US50013,50,013
0500000US51021,51,021
0500000US51025,51,025
0500000US51035,51,035
0500000US51043,51,043
0500000US51045,51,045
0500000US51049,51,049
0500000US51065,51,065
0500000US51071,51,071
0500000US51075,51,075
0500000US51077,51,077
0500000US51079,51,079
0500000US51089,51,089
0500000US51099,51,099
0500000US51001,51,001
0500000US51003,51,003
0500000US51005,51,005
0500000US51007,51,007
0500000US51009,51,009
0500000US51015,51,015
0500000US51017,51,017
0500000US51019,51,019
0500000US51023,51,023
0500000US51027,51,027
0500000US51029,51,029
0500000US51031,51,031
0500000US51033,51,033
0500000US51036,51,036
0500000US51037,51,037
0500000US51041,51,041
0500000US51047,51,047
0500000US51051,51,051
0500000US51053,51,053
0500000US51057,51,057
0500000US51059,51,059
0500000US51061,51,061
0500000US51063,51,063
0500000US51067,51,067
0500000US51069,51,069
0500000US51073,51,073
0500000US51081,51,081
0500000US51083,51,083
0500000US51085,51,085
0500000US51087,51,087
0500000US51091,51,091
0500000US51093,51,093
0500000US51095,51,095
0500000US51097,51,097
0500000US51101,51,101
0500000US51107,51,107
0500000US51111,51,111
0500000US51113,51,113
0500000US51117,51,117
0500000US51121,51,121
0500000US51125,51,125
0500000US51127,51,127
0500000US51137,51,137
0500000US51139,51,139
0500000US51141,51,141
0500000US51143,51,143
0500000US51147,51,147
0500000US51161,51,161
0500000US51163,51,163
0500000US51165,51,165
0500000US51167,51,167
0500000US51171,51,171
0500000US51175,51,175
0500000US51177,51,177
0500000US51179,51,179
0500000US51185,51,185
0500000US51191,51,191
0500000US51193,51,193
0500000US51195,51,195
0500000US51570,51,570
0500000US51610,51,610
0500000US51678,51,678
0500000US51720,51,720
0500000US51790,51,790
0500000US51840,51,840
0500000US51105,51,105
0500000US51013,51,013
0500000US51103,51,103
0500000US51109,51,109
0500000US51115,51,115
0500000US51119,51,119
0500000US51131,51,131
0500000US51133,51,133
0500000US51135,51,135
0500000US51145,51,145
0500000US51149,51,149
0500000US51155,51,155
0500000US51157,51,157
0500000US51159,51,159
0500000US51169,51,169
0500000US51173,51,173
0500000US51181,51,181
0500000US51183,51,183
0500000US51187,51,187
0500000US51197,51,197
0500000US51199,51,199
0500000US51510,51,510
0500000US51515,51,515
0500000US51520,51,520
0500000US51530,51,530
0500000US51540,51,540
0500000US51550,51,550
0500000US51580,51,580
0500000US51590,51,590
0500000US51595,51,595
0500000US51600,51,600
0500000US51620,51,620
0500000US51630,51,630
0500000US51640,51,640
0500000US51650,51,650
0500000US51660,51,660
0500000US51670,51,670
0500000US51680,51,680
0500000US51683,51,683
0500000US51685,51,685
0500000US51690,51,690
0500000US51700,51,700
0500000US51710,51,710
0500000US51730,51,730
0500000US51735,51,735
0500000US51740,51,740
0500000US51750,51,750
0500000US51760,51,760
0500000US51770,51,770
0500000US51775,51,775
0500000US51800,51,800
0500000US51810,51,810
0500000US51820,51,820
0500000US51830,51,830
0500000US51153,51,153
0500000US51011,51,011
0500000US53001,53,001
0500000US53003,53,003
0500000US53005,53,005
0500000US53007,53,007
0500000US53009,53,009
0500000US53011,53,011
0500000US53013,53,013
0500000US53015,53,015
0500000US53017,53,017
0500000US53019,53,019
0500000US53021,53,021
0500000US53025,53,025
0500000US53027,53,027
0500000US53029,53,029
0500000US53031,53,031
0500000US53033,53,033
0500000US53035,53,035
0500000US53041,53,041
0500000US53043,53,043
0500000US53047,53,047
0500000US53049,53,049
0500000US53053,53,053
0500000US53055,53,055
0500000US53057,53,057
0500000US53061,53,061
0500000US53065,53,065
0500000US53067,53,067
0500000US53071,53,071
0500000US53073,53,073
0500000US53075,53,075
0500000US53077,53,077
0500000US53023,53,023
0500000US53039,53,039
0500000US53045,53,045
0500000US53051,53,051
0500000US53059,53,059
0500000US53063,53,063
0500000US53069,53,069
0500000US53037,53,037
0500000US54077,54,077
0500000US54079,54,079
0500000US54089,54,089
0500000US54091,54,091
0500000US54097,54,097
0500000US54001,54,001
0500000US54003,54,003
0500000US54005,54,005
0500000US54007,54,007
0500000US54009,54,009
0500000US54011,54,011
0500000US54013,54,013
0500000US54015,54,015
0500000US54019,54,019
0500000US54021,54,021
0500000US54025,54,025
0500000US54031,54,031
0500000US54033,54,033
0500000US54039,54,039
0500000US54041,54,041
0500000US54043,54,043
0500000US54045,54,045
0500000US54057,54,057
0500000US54059,54,059
0500000US54067,54,067
0500000US54071,54,071
0500000US54075,54,075
0500000US54081,54,081
0500000US54083,54,083
0500000US54085,54,085
0500000US54087,54,087
0500000US54093,54,093
0500000US54095,54,095
0500000US54099,54,099
0500000US54103,54,103
0500000US54109,54,109
0500000US54017,54,017
0500000US54023,54,023
0500000US54027,54,027
0500000US54029,54,029
0500000US54035,54,035
0500000US54037,54,037
0500000US54047,54,047
0500000US54049,54,049
0500000US54051,54,051
0500000US54053,54,053
0500000US54055,54,055
0500000US54061,54,061
0500000US54063,54,063
0500000US54065,54,065
0500000US54069,54,069
0500000US54073,54,073
0500000US54101,54,101
0500000US54105,54,105
0500000US54107,54,107
0500000US55053,55,053
0500000US55055,55,055
0500000US55059,55,059
0500000US55061,55,061
0500000US55063,55,063
0500000US55067,55,067
0500000US55001,55,001
0500000US55003,55,003
0500000US55005,55,005
0500000US55007,55,007
0500000US55009,55,009
0500000US55011,55,011
0500000US55015,55,015
0500000US55029,55,029
0500000US55033,55,033
0500000US55043,55,043
0500000US55057,55,057
0500000US55065,55,065
0500000US55075,55,075
0500000US55083,55,083
0500000US55097,55,097
0500000US55107,55,107
0500000US55111,55,111
0500000US55121,55,121
0500000US55137,55,137
0500000US55013,55,013
0500000US55017,55,017
0500000US55019,55,019
0500000US55021,55,021
0500000US55023,55,023
0500000US55025,55,025
0500000US55027,55,027
0500000US55031,55,031
0500000US55035,55,035
0500000US55037,55,037
0500000US55039,55,039
0500000US55041,55,041
0500000US55045,55,045
0500000US55047,55,047
0500000US55049,55,049
0500000US55051,55,051
0500000US55109,55,109
0500000US55113,55,113
0500000US55115,55,115
0500000US55117,55,117
0500000US55119,55,119
0500000US55123,55,123
0500000US55069,55,069
0500000US55071,55,071
0500000US55073,55,073
0500000US55077,55,077
0500000US55078,55,078
0500000US55079,55,079
0500000US55081,55,081
0500000US55085,55,085
0500000US55087,55,087
0500000US55089,55,089
0500000US55091,55,091
0500000US55093,55,093
0500000US55095,55,095
0500000US55099,55,099
0500000US55101,55,101
0500000US55103,55,103
0500000US55105,55,105
0500000US55125,55,125
0500000US55127,55,127
0500000US55129,55,129
0500000US55131,55,131
0500000US55133,55,133
0500000US55135,55,135
0500000US55139,55,139
0500000US55141,55,141
0500000US56009,56,009
0500000US56001,56,001
0500000US56003,56,003
0500000US56005,56,005
0500000US56007,56,007
0500000US56011,56,011
0500000US56013,56,013
0500000US56015,56,015
0500000US56017,56,017
0500000US56021,56,021
0500000US56029,56,029
0500000US56033,56,033
0500000US56035,56,035
0500000US56039,56,039
0500000US56041,56,041
0500000US56019,56,019
0500000US56023,56,023
0500000US56025,56,025
0500000US56027,56,027
0500000US56031,56,031
0500000US56037,56,037
0500000US56043,56,043
0500000US56045,56,045
0500000US72001,72,001
0500000US72013,72,013
0500000US72023,72,023
0500000US72033,72,033
0500000US72037,72,037
0500000US72049,72,049
0500000US72053,72,053
0500000US72054,72,054
0500000US72067,72,067
0500000US72095,72,095
0500000US72097,72,097
0500000US72113,72,113
0500000US72127,72,127
0500000US72135,72,135
0500000US72141,72,141
0500000US72041,72,041
0500000US72043,72,043
0500000US72045,72,045
0500000US72047,72,047
0500000US72051,72,051
0500000US72055,72,055
0500000US72003,72,003
0500000US72005,72,005
0500000US72007,72,007
0500000US72009,72,009
0500000US72011,72,011
0500000US72015,72,015
0500000US72017,72,017
0500000US72019,72,019
0500000US72021,72,021
0500000US72025,72,025
0500000US72027,72,027
0500000US72029,72,029
0500000US72031,72,031
0500000US72035,72,035
0500000US72039,72,039
0500000US72089,72,089
0500000US72091,72,091
0500000US72093,72,093
0500000US72099,72,099
0500000US72101,72,101
0500000US72103,72,103
0500000US72057,72,057
0500000US72059,72,059
0500000US72061,72,061
0500000US72063,72,063
0500000US72065,72,065
0500000US72069,72,069
0500000US72071,72,071
0500000US72073,72,073
0500000US72075,72,075
0500000US72077,72,077
0500000US72079,72,079
0500000US72081,72,081
0500000US72083,72,083
0500000US72085,72,085
0500000US72087,72,087
0500000US72143,72,143
0500000US72145,72,145
0500000US72147,72,147
0500000US72149,72,149
0500000US72151,72,151
0500000US72105,72,105
0500000US72107,72,107
0500000US72109,72,109
0500000US72111,72,111
0500000US72115,72,115
0500000US72117,72,117
0500000US72119,72,119
0500000US72121,72,121
0500000US72123,72,123
0500000US72125,72,125
0500000US72129,72,129
0500000US72131,72,131
0500000US72133,72,133
0500000US72137,72,137
0500000US72139,72,139
0500000US72153,72,153
