geo_id,company_count,tot_pop,companies_per_capita
0500000US48061,1,408054,2.45066E-06
0500000US36005,5,1386657,3.60579E-06
0500000US17163,1,270419,3.69797E-06
0500000US47149,1,263740,3.79161E-06
0500000US28049,1,245629,4.07118E-06
0500000US53077,1,244485,4.09023E-06
0500000US04025,1,211061,4.73797E-06
0500000US48215,4,780087,5.12763E-06
0500000US22019,1,193230,5.17518E-06
0500000US28047,1,187785,5.32524E-06
0500000US47125,1,173307,5.77011E-06
0500000US17089,3,516499,5.80834E-06
0500000US06099,3,515358,5.8212E-06
0500000US39089,1,166701,5.99876E-06
0500000US55059,1,166671,5.99984E-06
0500000US12015,1,159990,6.25039E-06
0500000US34011,1,157149,6.36339E-06
0500000US37035,1,154389,6.47715E-06
0500000US22073,1,153910,6.4973E-06
0500000US12113,1,151966,6.58042E-06
0500000US26115,1,151932,6.58189E-06
0500000US42055,1,149834,6.67405E-06
0500000US30111,1,148432,6.73709E-06
0500000US13153,1,140713,7.10666E-06
0500000US06053,3,416682,7.19974E-06
0500000US48135,1,137145,7.29155E-06
0500000US48141,6,804338,7.45955E-06
0500000US22079,1,131779,7.58846E-06
0500000US45063,2,263406,7.59284E-06
0500000US35045,1,130145,7.68374E-06
0500000US13063,2,259623,7.70348E-06
0500000US06047,2,256778,7.78883E-06
0500000US13077,1,127955,7.81525E-06
0500000US42013,1,127031,7.87209E-06
0500000US27171,1,125118,7.99246E-06
0500000US42129,3,365012,8.21891E-06
0500000US22105,1,121425,8.23554E-06
0500000US21015,1,119290,8.38293E-06
0500000US41043,1,116910,8.55359E-06
0500000US42085,1,116558,8.57942E-06
0500000US47189,1,114537,8.7308E-06
0500000US17099,1,113840,8.78426E-06
0500000US48355,3,340480,8.81109E-06
0500000US51550,2,222986,8.96917E-06
0500000US06107,4,443688,9.01534E-06
0500000US13185,1,109734,9.11295E-06
0500000US34041,1,108714,9.19845E-06
0500000US22005,1,107891,9.26861E-06
0500000US26045,1,107838,9.27317E-06
0500000US39029,1,107800,9.27644E-06
0500000US41019,1,107638,9.2904E-06
0500000US21093,1,106933,9.35165E-06
0500000US39155,2,209936,9.52671E-06
0500000US37071,2,206213,9.69871E-06
0500000US17111,3,309192,9.70271E-06
0500000US39109,1,102461,9.75981E-06
0500000US19193,1,102407,9.76496E-06
0500000US55039,1,101665,9.83623E-06
0500000US39007,1,101429,9.85911E-06
0500000US41071,1,99391,1.00613E-05
0500000US47011,1,99078,1.00931E-05
0500000US36101,1,98930,1.01082E-05
0500000US24045,1,98843,1.01171E-05
0500000US06077,7,687744,1.01782E-05
0500000US55101,2,195510,1.02297E-05
0500000US01125,2,195036,1.02545E-05
0500000US05031,1,96771,1.03337E-05
0500000US54039,2,192976,1.0364E-05
0500000US13115,1,96274,1.0387E-05
0500000US05051,1,96145,1.0401E-05
0500000US12019,2,191395,1.04496E-05
0500000US51740,1,95696,1.04498E-05
0500000US16027,2,189428,1.05581E-05
0500000US13095,1,94577,1.05734E-05
0500000US42097,1,94366,1.0597E-05
0500000US12119,1,94074,1.06299E-05
0500000US19155,1,93359,1.07113E-05
0500000US48037,1,92723,1.07848E-05
0500000US01077,1,92679,1.07899E-05
0500000US18163,2,179833,1.11214E-05
0500000US02170,1,89737,1.11437E-05
0500000US20177,2,178301,1.1217E-05
0500000US42063,1,88847,1.12553E-05
0500000US26055,1,87043,1.14886E-05
0500000US12053,2,173008,1.15602E-05
0500000US22051,5,432449,1.15621E-05
0500000US48231,1,86353,1.15804E-05
0500000US17113,2,169832,1.17763E-05
0500000US37101,2,169735,1.17831E-05
0500000US48245,3,252390,1.18864E-05
0500000US26099,10,841126,1.18888E-05
0500000US24013,2,167241,1.19588E-05
0500000US55139,2,167059,1.19718E-05
0500000US16005,1,83071,1.20379E-05
0500000US28081,1,83048,1.20412E-05
0500000US12083,4,331290,1.2074E-05
0500000US41033,1,82807,1.20763E-05
0500000US01097,5,413277,1.20984E-05
0500000US01121,1,82110,1.21788E-05
0500000US37057,2,162930,1.22752E-05
0500000US26147,2,162789,1.22858E-05
0500000US55071,1,81349,1.22927E-05
0500000US51153,5,406110,1.23119E-05
0500000US28033,2,161746,1.23651E-05
0500000US26075,2,160201,1.24843E-05
0500000US01051,1,79549,1.25709E-05
0500000US53021,1,79223,1.26226E-05
0500000US41047,4,316096,1.26544E-05
0500000US48309,3,236028,1.27104E-05
0500000US48213,1,78647,1.2715E-05
0500000US37109,1,78450,1.2747E-05
0500000US47163,2,156794,1.27556E-05
0500000US36065,3,234845,1.27744E-05
0500000US36085,6,469363,1.27833E-05
0500000US42111,1,77626,1.28823E-05
0500000US04021,5,383842,1.30262E-05
0500000US29031,1,75895,1.31761E-05
0500000US45091,3,226971,1.32175E-05
0500000US48099,1,75645,1.32196E-05
0500000US48251,2,151211,1.32266E-05
0500000US39151,5,375321,1.33219E-05
0500000US34037,2,149239,1.34013E-05
0500000US48021,1,74403,1.34403E-05
0500000US17201,4,295127,1.35535E-05
0500000US24017,2,147086,1.35975E-05
0500000US12087,1,73269,1.36483E-05
0500000US47141,1,72564,1.37809E-05
0500000US20161,1,71481,1.39897E-05
0500000US25011,1,71369,1.40117E-05
0500000US37151,2,141960,1.40885E-05
0500000US18059,1,70250,1.42349E-05
0500000US48423,3,210512,1.4251E-05
0500000US28059,2,139698,1.43166E-05
0500000US40125,1,69608,1.43662E-05
0500000US18177,1,68853,1.45237E-05
0500000US45035,2,137476,1.4548E-05
0500000US51019,1,68735,1.45486E-05
0500000US48471,1,68185,1.4666E-05
0500000US28067,1,67870,1.47341E-05
0500000US04005,2,134651,1.48532E-05
0500000US37155,2,134473,1.48729E-05
0500000US13285,1,67187,1.48838E-05
0500000US26103,1,67131,1.48962E-05
0500000US17001,1,67120,1.48987E-05
0500000US55073,2,134104,1.49138E-05
0500000US42075,2,133688,1.49602E-05
0500000US04015,3,200181,1.49864E-05
0500000US37031,1,66685,1.49959E-05
0500000US45059,1,66500,1.50376E-05
0500000US39101,1,66482,1.50417E-05
0500000US13051,4,265871,1.50449E-05
0500000US41035,1,66345,1.50727E-05
0500000US48187,2,132431,1.51022E-05
0500000US34033,1,66058,1.51382E-05
0500000US48441,2,131896,1.51635E-05
0500000US35005,1,65779,1.52024E-05
0500000US36113,1,65697,1.52214E-05
0500000US21195,1,64952,1.5396E-05
0500000US35025,1,64698,1.54564E-05
0500000US20155,1,64597,1.54806E-05
0500000US13255,1,64081,1.56052E-05
0500000US37163,1,63540,1.57381E-05
0500000US26117,1,63270,1.58053E-05
0500000US36021,1,63073,1.58546E-05
0500000US05131,2,125920,1.58831E-05
0500000US48039,5,314494,1.58986E-05
0500000US42015,1,62651,1.59614E-05
0500000US48027,5,313000,1.59744E-05
0500000US45007,3,187269,1.60197E-05
0500000US05115,1,61867,1.61637E-05
0500000US17197,11,678697,1.62075E-05
0500000US37191,2,122907,1.62725E-05
0500000US39017,6,368630,1.62765E-05
0500000US26149,1,61262,1.63233E-05
0500000US01003,3,183195,1.6376E-05
0500000US13157,1,60706,1.64728E-05
0500000US26049,7,424926,1.64735E-05
0500000US37167,1,60595,1.6503E-05
0500000US17077,1,60361,1.6567E-05
0500000US45043,1,60094,1.66406E-05
0500000US33001,1,60085,1.66431E-05
0500000US13139,3,180253,1.66433E-05
0500000US18173,1,59835,1.67126E-05
0500000US01103,2,119626,1.67188E-05
0500000US09015,2,118519,1.68749E-05
0500000US01015,2,118510,1.68762E-05
0500000US26015,1,59044,1.69365E-05
0500000US53071,1,58963,1.69598E-05
0500000US37087,1,58935,1.69678E-05
0500000US53005,3,176455,1.70015E-05
0500000US49045,1,58557,1.70774E-05
0500000US48001,1,58452,1.71081E-05
0500000US13059,2,116668,1.71427E-05
0500000US42081,2,116143,1.72202E-05
0500000US55117,2,115472,1.73202E-05
0500000US55063,2,114874,1.74104E-05
0500000US42103,1,57329,1.74432E-05
0500000US08045,1,56139,1.78129E-05
0500000US28109,1,55788,1.7925E-05
0500000US20173,9,499393,1.80219E-05
0500000US13045,2,110661,1.80732E-05
0500000US19163,3,165841,1.80896E-05
0500000US27003,6,331302,1.81104E-05
0500000US12127,9,494527,1.81992E-05
0500000US18127,3,164592,1.82269E-05
0500000US48199,1,54748,1.82655E-05
0500000US10001,3,162912,1.84148E-05
0500000US18167,2,107958,1.85257E-05
0500000US17029,1,53924,1.85446E-05
0500000US39057,3,161605,1.85638E-05
0500000US17119,5,269271,1.85687E-05
0500000US23001,2,107623,1.85834E-05
0500000US47165,3,161250,1.86047E-05
0500000US31153,3,159709,1.87842E-05
0500000US01113,1,53188,1.88012E-05
0500000US39003,2,106205,1.88315E-05
0500000US39037,1,52968,1.88793E-05
0500000US17095,1,52919,1.88968E-05
0500000US29113,1,52702,1.89746E-05
0500000US35013,4,210538,1.89989E-05
0500000US26021,3,156805,1.9132E-05
0500000US32019,1,52049,1.92127E-05
0500000US06031,3,153174,1.95856E-05
0500000US24015,2,101199,1.9763E-05
0500000US37179,4,202206,1.97818E-05
0500000US36017,1,50405,1.98393E-05
0500000US01045,1,50358,1.98578E-05
0500000US36057,1,50250,1.99005E-05
0500000US17063,1,50144,1.99426E-05
0500000US26091,2,99763,2.00475E-05
0500000US47043,1,49733,2.01074E-05
0500000US47053,1,49717,2.01138E-05
0500000US42009,1,49709,2.01171E-05
0500000US48265,1,49658,2.01377E-05
0500000US21019,1,49580,2.01694E-05
0500000US39149,1,49374,2.02536E-05
0500000US12055,2,98700,2.02634E-05
0500000US41009,1,49343,2.02663E-05
0500000US36039,1,49159,2.03422E-05
0500000US01117,4,195828,2.04261E-05
0500000US32007,1,48926,2.0439E-05
0500000US28149,1,48840,2.0475E-05
0500000US21113,1,48716,2.05271E-05
0500000US42133,9,435490,2.06664E-05
0500000US34015,6,288581,2.07914E-05
0500000US33003,1,47836,2.09048E-05
0500000US36025,1,47832,2.09065E-05
0500000US40019,1,47622,2.09987E-05
0500000US13215,4,190417,2.10065E-05
0500000US18113,1,47541,2.10345E-05
0500000US09005,4,189840,2.10704E-05
0500000US21209,1,47443,2.10779E-05
0500000US37169,1,47351,2.11189E-05
0500000US42041,5,235861,2.11989E-05
0500000US12017,3,141129,2.12571E-05
0500000US32005,1,46956,2.12965E-05
0500000US19061,2,93880,2.13038E-05
0500000US39055,2,93408,2.14114E-05
0500000US18081,3,140009,2.14272E-05
0500000US45025,1,46665,2.14293E-05
0500000US40071,1,46460,2.15239E-05
0500000US15001,4,185406,2.15743E-05
0500000US40121,1,45854,2.18083E-05
0500000US42011,9,411850,2.18526E-05
0500000US13071,1,45628,2.19164E-05
0500000US06009,1,45490,2.19829E-05
0500000US42073,2,90968,2.19858E-05
0500000US29161,1,45301,2.20746E-05
0500000US26023,1,45137,2.21548E-05
0500000US18089,11,495981,2.21783E-05
0500000US06093,1,44929,2.22573E-05
0500000US29047,5,222718,2.24499E-05
0500000US54069,1,44449,2.24977E-05
0500000US06019,21,933248,2.25021E-05
0500000US13097,3,132722,2.26036E-05
0500000US13117,4,176738,2.26324E-05
0500000US06045,2,87828,2.27718E-05
0500000US56037,1,43621,2.29247E-05
0500000US27139,3,130487,2.29908E-05
0500000US48473,1,43422,2.30298E-05
0500000US42115,1,43277,2.3107E-05
0500000US39119,2,86142,2.32175E-05
0500000US13057,5,215129,2.32419E-05
0500000US26121,4,172068,2.32466E-05
0500000US51590,1,42928,2.32948E-05
0500000US48053,1,42854,2.3335E-05
0500000US22063,3,128549,2.33374E-05
0500000US19139,1,42738,2.33984E-05
0500000US22017,6,255543,2.34794E-05
0500000US12069,7,297950,2.34939E-05
0500000US42089,4,169896,2.35438E-05
0500000US08123,6,254270,2.3597E-05
0500000US21211,1,42255,2.36658E-05
0500000US05055,1,42192,2.37012E-05
0500000US51171,1,42053,2.37795E-05
0500000US01115,2,83761,2.38775E-05
0500000US18037,1,41875,2.38806E-05
0500000US51195,1,41463,2.41179E-05
0500000US55009,6,248506,2.41443E-05
0500000US39123,1,41381,2.41657E-05
0500000US08085,1,41183,2.42819E-05
0500000US24025,6,245177,2.44721E-05
0500000US38015,2,81666,2.449E-05
0500000US36081,55,2233841,2.46213E-05
0500000US56013,1,40243,2.4849E-05
0500000US40111,1,40146,2.49091E-05
0500000US45003,4,160565,2.4912E-05
0500000US42049,7,280686,2.49389E-05
0500000US55105,4,160310,2.49517E-05
0500000US48303,7,280237,2.49789E-05
0500000US39059,1,40033,2.49794E-05
0500000US36011,2,79978,2.50069E-05
0500000US26145,5,199911,2.50111E-05
0500000US27163,6,238844,2.5121E-05
0500000US45077,3,119217,2.51642E-05
0500000US42109,1,39729,2.51705E-05
0500000US51041,8,317102,2.52285E-05
0500000US22069,1,39605,2.52493E-05
0500000US18003,9,355856,2.52911E-05
0500000US18039,5,197646,2.52978E-05
0500000US48397,2,79003,2.53155E-05
0500000US17121,1,39417,2.53698E-05
0500000US29077,7,275414,2.54163E-05
0500000US51069,2,78511,2.54741E-05
0500000US42035,1,39230,2.54907E-05
0500000US20037,1,39185,2.552E-05
0500000US22015,3,117522,2.55271E-05
0500000US22103,6,234568,2.55789E-05
0500000US53057,3,117102,2.56187E-05
0500000US29043,2,77825,2.56987E-05
0500000US36045,3,116582,2.5733E-05
0500000US36105,2,77500,2.58065E-05
0500000US17203,1,38659,2.58672E-05
0500000US25013,12,463678,2.588E-05
0500000US37085,3,115733,2.59217E-05
0500000US33005,2,77049,2.59575E-05
0500000US47047,1,38432,2.602E-05
0500000US37197,1,38425,2.60247E-05
0500000US39113,14,535059,2.61653E-05
0500000US09013,4,152781,2.61813E-05
0500000US48055,1,38141,2.62185E-05
0500000US21227,3,114172,2.62761E-05
0500000US36001,8,303833,2.63303E-05
0500000US19187,1,37915,2.63748E-05
0500000US26139,7,264055,2.65096E-05
0500000US06095,11,414305,2.65505E-05
0500000US24001,2,75021,2.66592E-05
0500000US55141,2,74793,2.67405E-05
0500000US21035,1,37281,2.68233E-05
0500000US17143,5,186311,2.68368E-05
0500000US50003,1,37089,2.69622E-05
0500000US28003,1,37088,2.69629E-05
0500000US31157,1,37072,2.69745E-05
0500000US26041,1,37065,2.69796E-05
0500000US05009,1,36918,2.70871E-05
0500000US24043,4,147558,2.7108E-05
0500000US46013,1,36627,2.73023E-05
0500000US27147,1,36545,2.73635E-05
0500000US53007,2,72735,2.74971E-05
0500000US29183,10,361602,2.76547E-05
0500000US53067,7,253087,2.76585E-05
0500000US12091,5,180728,2.76659E-05
0500000US34029,16,577603,2.77007E-05
0500000US19111,1,35857,2.78886E-05
0500000US05125,3,107532,2.78987E-05
0500000US53009,2,71515,2.79662E-05
0500000US13113,3,106945,2.80518E-05
0500000US06089,5,177291,2.82022E-05
0500000US20125,1,35390,2.82566E-05
0500000US20061,1,35212,2.83994E-05
0500000US26073,2,70334,2.84357E-05
0500000US45047,2,69703,2.86932E-05
0500000US06035,1,34805,2.87315E-05
0500000US42125,6,207875,2.88635E-05
0500000US42005,2,68839,2.90533E-05
0500000US23015,1,34399,2.90706E-05
0500000US45089,1,34358,2.91053E-05
0500000US51650,4,137381,2.91161E-05
0500000US05085,2,68634,2.91401E-05
0500000US40081,1,34301,2.91537E-05
0500000US45041,4,137088,2.91783E-05
0500000US48329,4,136975,2.92024E-05
0500000US17049,1,34234,2.92107E-05
0500000US13151,6,205265,2.92305E-05
0500000US42007,5,170567,2.9314E-05
0500000US53061,21,715470,2.93513E-05
0500000US12023,2,67597,2.95871E-05
0500000US48477,1,33782,2.96016E-05
0500000US48259,1,33700,2.96736E-05
0500000US42037,2,67268,2.97318E-05
0500000US15007,2,67226,2.97504E-05
0500000US36007,6,200272,2.99593E-05
0500000US36079,3,99713,3.00863E-05
0500000US19125,1,33234,3.00897E-05
0500000US36027,9,297577,3.02443E-05
0500000US13219,1,32984,3.03177E-05
0500000US17167,6,197822,3.03303E-05
0500000US01109,1,32957,3.03426E-05
0500000US18095,4,131642,3.03854E-05
0500000US19013,4,131221,3.04829E-05
0500000US02090,3,98314,3.05145E-05
0500000US21145,2,65539,3.05162E-05
0500000US26165,1,32730,3.0553E-05
0500000US17109,1,32609,3.06664E-05
0500000US06033,2,64771,3.0878E-05
0500000US12081,10,323435,3.09181E-05
0500000US31141,1,32324,3.09368E-05
0500000US28083,1,32307,3.0953E-05
0500000US39133,5,161386,3.09816E-05
0500000US51173,1,32163,3.10916E-05
0500000US34007,16,513607,3.11522E-05
0500000US42079,10,320795,3.11726E-05
0500000US46011,1,32003,3.12471E-05
0500000US12035,3,95928,3.12735E-05
0500000US37097,5,159771,3.12948E-05
0500000US06065,69,2203332,3.13162E-05
0500000US08101,5,159477,3.13525E-05
0500000US47143,1,31842,3.14051E-05
0500000US51143,2,63488,3.1502E-05
0500000US22053,1,31605,3.16406E-05
0500000US36091,7,219960,3.1824E-05
0500000US50005,1,31202,3.20492E-05
0500000US29167,1,31139,3.21141E-05
0500000US12101,15,465543,3.22204E-05
0500000US05033,2,62026,3.22445E-05
0500000US22001,2,61844,3.23394E-05
0500000US50021,2,61566,3.24855E-05
0500000US42019,6,184059,3.25982E-05
0500000US48339,15,459018,3.26785E-05
0500000US48067,1,30487,3.28009E-05
0500000US39093,10,301449,3.31731E-05
0500000US37077,2,60063,3.32984E-05
0500000US55123,1,29775,3.35852E-05
0500000US28099,1,29687,3.36848E-05
0500000US17075,1,29660,3.37154E-05
0500000US55027,3,88748,3.38036E-05
0500000US53053,27,795628,3.39355E-05
0500000US35017,1,29399,3.40148E-05
0500000US39045,5,146351,3.41644E-05
0500000US18063,5,145867,3.42778E-05
0500000US56033,1,29152,3.4303E-05
0500000US54107,3,86990,3.44867E-05
0500000US40131,3,86988,3.44875E-05
0500000US50017,1,28928,3.45686E-05
0500000US23017,2,57752,3.46308E-05
0500000US30047,1,28766,3.47633E-05
0500000US08035,10,287003,3.48428E-05
0500000US27021,1,28587,3.49809E-05
0500000US56029,1,28271,3.53719E-05
0500000US54049,2,56482,3.54095E-05
0500000US39025,7,197604,3.54244E-05
0500000US39069,1,28186,3.54786E-05
0500000US48363,1,28112,3.5572E-05
0500000US49039,1,27886,3.58603E-05
0500000US20169,2,55733,3.58854E-05
0500000US26111,3,83592,3.58886E-05
0500000US22055,8,222051,3.60278E-05
0500000US47077,1,27752,3.60334E-05
0500000US55029,1,27730,3.6062E-05
0500000US39023,5,138193,3.61813E-05
0500000US12073,10,276058,3.62243E-05
0500000US18067,3,82770,3.6245E-05
0500000US51191,2,54877,3.64451E-05
0500000US36019,3,82115,3.65341E-05
0500000US37009,1,27291,3.66421E-05
0500000US35006,1,27247,3.67013E-05
0500000US46029,1,27231,3.67229E-05
0500000US17183,3,81551,3.67868E-05
0500000US45051,10,270430,3.69781E-05
0500000US54037,2,53659,3.72724E-05
0500000US13127,3,79816,3.75864E-05
0500000US39145,3,79506,3.7733E-05
0500000US39099,9,238310,3.77659E-05
0500000US13207,1,26467,3.77829E-05
0500000US19015,1,26281,3.80503E-05
0500000US22099,2,52214,3.83039E-05
0500000US27095,1,26088,3.83318E-05
0500000US20059,1,26035,3.84098E-05
0500000US18129,1,25903,3.86056E-05
0500000US26093,7,180972,3.868E-05
0500000US08083,1,25539,3.91558E-05
0500000US01101,9,229844,3.9157E-05
0500000US36107,2,51049,3.9178E-05
0500000US05035,2,50937,3.92642E-05
0500000US13039,2,50697,3.94501E-05
0500000US41065,1,25266,3.95789E-05
0500000US28117,1,25189,3.96999E-05
0500000US49003,2,50155,3.98764E-05
0500000US01031,2,50104,3.9917E-05
0500000US51085,4,99948,4.00208E-05
0500000US44001,2,49853,4.01179E-05
0500000US39063,3,74727,4.01461E-05
0500000US48331,1,24714,4.04629E-05
0500000US42107,6,148228,4.04782E-05
0500000US21073,2,49288,4.05778E-05
0500000US54005,1,24585,4.06752E-05
0500000US21217,1,24561,4.0715E-05
0500000US55137,1,24467,4.08714E-05
0500000US08077,6,146313,4.1008E-05
0500000US51710,10,243135,4.11294E-05
0500000US48375,5,121446,4.11706E-05
0500000US18141,11,266961,4.12045E-05
0500000US21059,4,96762,4.13385E-05
0500000US12005,7,169272,4.13536E-05
0500000US12105,25,602788,4.1474E-05
0500000US45079,16,385745,4.14782E-05
0500000US23003,3,71720,4.18293E-05
0500000US21183,1,23818,4.19851E-05
0500000US28071,2,47496,4.21088E-05
0500000US39105,1,23745,4.21141E-05
0500000US06101,4,94806,4.21914E-05
0500000US37033,1,23695,4.2203E-05
0500000US29097,5,117770,4.24556E-05
0500000US18053,3,69975,4.28725E-05
0500000US12111,12,278689,4.30588E-05
0500000US16055,6,138901,4.31962E-05
0500000US31019,2,46165,4.33229E-05
0500000US42061,2,45914,4.35597E-05
0500000US12033,13,298043,4.36179E-05
0500000US36111,8,182435,4.38512E-05
0500000US37023,4,90771,4.40669E-05
0500000US05057,1,22620,4.42087E-05
0500000US42071,23,520156,4.42175E-05
0500000US51185,2,45078,4.43675E-05
0500000US36013,6,134768,4.4521E-05
0500000US48179,1,22456,4.45315E-05
0500000US36089,5,111894,4.46851E-05
0500000US47123,2,44608,4.4835E-05
0500000US50025,2,44510,4.49337E-05
0500000US27137,9,200155,4.49652E-05
0500000US18145,2,44391,4.50542E-05
0500000US15009,7,155124,4.51252E-05
0500000US37125,4,88569,4.51625E-05
0500000US35043,6,132330,4.53412E-05
0500000US51061,3,65383,4.58835E-05
0500000US42083,2,43356,4.61297E-05
0500000US01087,1,21540,4.64253E-05
0500000US48139,7,150462,4.65234E-05
0500000US42069,10,214367,4.6649E-05
0500000US40027,12,256895,4.67117E-05
0500000US37089,5,106978,4.67386E-05
0500000US53011,20,427044,4.68336E-05
0500000US16013,1,21326,4.68911E-05
0500000US24037,5,105786,4.72652E-05
0500000US37147,8,168817,4.73886E-05
0500000US06071,97,2042441,4.74922E-05
0500000US47099,2,41991,4.76293E-05
0500000US55055,4,83693,4.77937E-05
0500000US39085,11,230101,4.78051E-05
0500000US34031,24,501860,4.78221E-05
0500000US19065,1,20839,4.79869E-05
0500000US37115,1,20777,4.81301E-05
0500000US41039,17,351983,4.82978E-05
0500000US53047,2,41257,4.84766E-05
0500000US55093,2,41125,4.86322E-05
0500000US39167,3,61683,4.86358E-05
0500000US35027,1,20500,4.87805E-05
0500000US39143,3,60882,4.92756E-05
0500000US46103,5,101348,4.9335E-05
0500000US18015,1,20162,4.95983E-05
0500000US30081,2,40308,4.96179E-05
0500000US19087,1,20119,4.97043E-05
0500000US21027,1,20060,4.98504E-05
0500000US36009,4,80229,4.98573E-05
0500000US21003,1,19980,5.00501E-05
0500000US48439,91,1817658,5.00644E-05
0500000US55067,1,19937,5.0158E-05
0500000US45081,1,19926,5.01857E-05
0500000US55035,5,98928,5.05418E-05
0500000US49053,7,138451,5.05594E-05
0500000US48281,1,19721,5.07074E-05
0500000US55087,9,176912,5.08728E-05
0500000US36031,2,39302,5.0888E-05
0500000US09011,14,274055,5.10846E-05
0500000US40119,4,77448,5.16476E-05
0500000US17179,7,135433,5.16861E-05
0500000US18085,4,77368,5.1701E-05
0500000US05069,4,77358,5.17076E-05
0500000US12097,14,269837,5.18832E-05
0500000US45057,4,76889,5.2023E-05
0500000US42043,14,268220,5.2196E-05
0500000US39169,6,114505,5.23995E-05
0500000US45083,15,284713,5.26846E-05
0500000US51680,4,75686,5.28499E-05
0500000US55131,7,131971,5.3042E-05
0500000US16065,2,37623,5.3159E-05
0500000US16057,2,37334,5.35705E-05
0500000US49013,1,18616,5.37172E-05
0500000US39129,3,55803,5.37606E-05
0500000US51127,1,18556,5.38909E-05
0500000US39157,5,92542,5.40295E-05
0500000US51141,1,18464,5.41594E-05
0500000US39095,24,441468,5.43641E-05
0500000US05063,2,36738,5.44395E-05
0500000US26061,2,36686,5.45167E-05
0500000US36097,1,18330,5.45554E-05
0500000US29155,1,18263,5.47555E-05
0500000US12071,34,620151,5.48254E-05
0500000US48091,6,109382,5.48536E-05
0500000US01033,3,54433,5.51136E-05
0500000US45013,9,162989,5.52185E-05
0500000US49011,17,307856,5.52206E-05
0500000US19043,1,18087,5.52883E-05
0500000US51700,10,180712,5.53367E-05
0500000US39173,7,125502,5.5776E-05
0500000US35053,1,17850,5.60224E-05
0500000US36071,21,373355,5.62467E-05
0500000US17181,1,17775,5.62588E-05
0500000US01081,8,140780,5.68263E-05
0500000US01129,1,17597,5.68279E-05
0500000US54065,1,17495,5.71592E-05
0500000US16019,6,104592,5.73658E-05
0500000US51025,1,17404,5.74581E-05
0500000US39117,2,34793,5.74828E-05
0500000US51570,1,17381,5.75341E-05
0500000US48157,34,590350,5.7593E-05
0500000US29213,3,51893,5.78113E-05
0500000US39103,10,172592,5.79401E-05
0500000US05135,1,17236,5.80181E-05
0500000US23019,9,153849,5.84989E-05
0500000US55109,5,84442,5.92122E-05
0500000US37081,29,489681,5.92222E-05
0500000US06023,8,134794,5.93498E-05
0500000US20111,2,33654,5.94283E-05
0500000US17101,1,16825,5.94354E-05
0500000US17191,1,16734,5.97586E-05
0500000US42077,21,350106,5.99818E-05
0500000US06057,6,98794,6.07324E-05
0500000US36087,19,312183,6.08617E-05
0500000US17149,1,16408,6.09459E-05
0500000US35057,1,16375,6.10687E-05
0500000US51810,27,439172,6.14793E-05
0500000US51730,2,32527,6.14874E-05
0500000US08093,1,16262,6.14931E-05
0500000US13027,1,16199,6.17322E-05
0500000US29209,2,32172,6.21659E-05
0500000US27131,4,64228,6.22781E-05
0500000US06029,53,842207,6.29299E-05
0500000US17177,3,47649,6.29604E-05
0500000US44009,8,127008,6.29882E-05
0500000US56007,1,15853,6.30795E-05
0500000US12045,1,15847,6.31034E-05
0500000US53055,1,15783,6.33593E-05
0500000US31131,1,15773,6.33995E-05
0500000US13089,44,692902,6.3501E-05
0500000US22033,28,440909,6.35052E-05
0500000US53035,16,251809,6.35402E-05
0500000US36067,30,467204,6.42118E-05
0500000US37153,3,46659,6.42963E-05
0500000US16047,1,15503,6.45036E-05
0500000US36093,10,154889,6.45624E-05
0500000US26035,2,30927,6.46684E-05
0500000US21103,1,15389,6.49815E-05
0500000US06017,12,181194,6.62274E-05
0500000US40035,1,15074,6.63394E-05
0500000US55079,63,948944,6.63896E-05
0500000US28035,5,75113,6.65664E-05
0500000US53075,3,44791,6.69777E-05
0500000US22059,1,14928,6.69882E-05
0500000US13275,3,44769,6.70107E-05
0500000US48255,1,14841,6.73809E-05
0500000US37041,1,14759,6.77553E-05
0500000US21125,4,58944,6.7861E-05
0500000US13227,2,29436,6.7944E-05
0500000US28029,2,29430,6.79579E-05
0500000US26081,41,603219,6.79687E-05
0500000US12089,5,73473,6.80522E-05
0500000US36053,5,73439,6.80837E-05
0500000US02020,20,293227,6.82065E-05
0500000US12085,10,146393,6.83093E-05
0500000US39111,1,14590,6.85401E-05
0500000US21117,11,159876,6.88033E-05
0500000US27109,10,144509,6.91998E-05
0500000US13067,48,690063,6.95589E-05
0500000US05045,8,113980,7.01878E-05
0500000US06051,1,14234,7.02543E-05
0500000US18011,4,56891,7.03099E-05
0500000US12031,61,865876,7.04489E-05
0500000US49005,8,113417,7.05362E-05
0500000US13021,11,155715,7.06419E-05
0500000US05079,1,14104,7.09019E-05
0500000US05123,2,28174,7.09874E-05
0500000US37067,25,351335,7.11572E-05
0500000US42027,11,154127,7.13697E-05
0500000US36059,96,1341245,7.15753E-05
0500000US46027,1,13861,7.21449E-05
0500000US05061,1,13820,7.23589E-05
0500000US44005,6,82852,7.24183E-05
0500000US09007,12,165697,7.24213E-05
0500000US25023,36,495780,7.26129E-05
0500000US34001,20,274685,7.28107E-05
0500000US35007,1,13726,7.28544E-05
0500000US36103,109,1494434,7.29373E-05
0500000US41029,15,203462,7.37238E-05
0500000US36069,8,108116,7.39946E-05
0500000US55133,29,389964,7.43658E-05
0500000US17161,11,147517,7.45677E-05
0500000US38035,5,66991,7.46369E-05
0500000US04007,4,53569,7.46701E-05
0500000US42031,3,39910,7.51691E-05
0500000US16043,1,13251,7.5466E-05
0500000US40109,55,721178,7.62641E-05
0500000US30029,7,90901,7.70069E-05
0500000US40143,47,605418,7.76323E-05
0500000US19007,1,12877,7.76578E-05
0500000US27169,4,51419,7.77923E-05
0500000US44003,13,166103,7.82647E-05
0500000US16079,1,12729,7.85608E-05
0500000US01039,3,37776,7.94155E-05
0500000US56025,6,75507,7.94628E-05
0500000US18105,11,138422,7.94671E-05
0500000US55083,3,37652,7.9677E-05
0500000US36077,5,62232,8.03445E-05
0500000US29055,2,24637,8.11787E-05
0500000US50015,2,24618,8.12414E-05
0500000US55015,4,49040,8.15661E-05
0500000US48041,16,195693,8.17607E-05
0500000US27085,3,36654,8.18465E-05
0500000US56001,3,36438,8.23316E-05
0500000US08007,1,12063,8.28981E-05
0500000US22121,2,23917,8.36225E-05
0500000US06067,119,1421959,8.36874E-05
0500000US26163,153,1815734,8.42634E-05
0500000US53073,17,201628,8.43137E-05
0500000US21229,1,11770,8.49618E-05
0500000US19113,18,211501,8.5106E-05
0500000US27093,2,23295,8.58553E-05
0500000US23031,17,197216,8.61999E-05
0500000US06007,19,220072,8.63354E-05
0500000US49021,4,46310,8.63744E-05
0500000US48007,2,23151,8.63894E-05
0500000US12021,28,322472,8.68292E-05
0500000US34005,39,449149,8.68309E-05
0500000US05019,2,22979,8.7036E-05
0500000US29095,59,675259,8.73739E-05
0500000US51087,27,307435,8.78234E-05
0500000US25001,19,215937,8.79886E-05
0500000US37065,5,56539,8.84345E-05
0500000US48121,59,667053,8.84487E-05
0500000US48167,26,292607,8.88564E-05
0500000US53063,42,472147,8.89553E-05
0500000US41027,2,22451,8.90829E-05
0500000US39165,19,213192,8.91215E-05
0500000US10005,18,197871,9.09684E-05
0500000US39041,16,175250,9.12981E-05
0500000US18119,2,21572,9.27128E-05
0500000US47001,7,75160,9.31346E-05
0500000US38017,14,150230,9.31904E-05
0500000US54099,4,42388,9.43663E-05
0500000US25005,52,548612,9.47847E-05
0500000US51820,2,21045,9.50344E-05
0500000US15003,91,955775,9.52107E-05
0500000US33013,14,146400,9.56284E-05
0500000US31089,1,10434,9.58405E-05
0500000US27035,6,62559,9.59095E-05
0500000US08037,5,52126,9.59214E-05
0500000US18101,1,10338,9.67305E-05
0500000US56035,1,10247,9.75895E-05
0500000US56021,9,92127,9.76912E-05
0500000US45065,1,10228,9.77708E-05
0500000US55127,10,102205,9.78426E-05
0500000US37129,20,203341,9.83569E-05
0500000US28121,14,142018,9.85791E-05
0500000US08041,62,626928,9.88949E-05
0500000US27145,15,150785,9.94794E-05
0500000US04019,98,982154,9.97807E-05
0500000US36037,6,60082,9.98635E-05
0500000US46099,17,169987,0.000100008
0500000US24033,87,865271,0.000100547
0500000US50023,6,59577,0.00010071
0500000US25015,16,158094,0.000101206
0500000US51660,5,49041,0.000101956
0500000US16085,1,9787,0.000102176
0500000US26119,1,9761,0.000102449
0500000US12115,39,379874,0.000102666
0500000US29153,1,9728,0.000102796
0500000US26065,29,280812,0.000103272
0500000US49057,24,232228,0.000103347
0500000US29127,3,28793,0.000104192
0500000US34025,66,630966,0.000104602
0500000US49029,1,9509,0.000105164
0500000US33017,13,123198,0.000105521
0500000US36029,97,918652,0.000105589
0500000US41005,40,376891,0.000106131
0500000US13229,2,18818,0.000106281
0500000US08117,3,28081,0.000106834
0500000US18043,8,74679,0.000107125
0500000US29163,2,18507,0.000108067
0500000US12009,59,543573,0.000108541
0500000US06061,38,350048,0.000108557
0500000US37021,26,238832,0.000108863
0500000US48029,188,1723780,0.000109063
0500000US31039,1,9140,0.000109409
0500000US22081,1,9079,0.000110144
0500000US48009,1,9060,0.000110375
0500000US13311,3,27168,0.000110424
0500000US42095,33,298101,0.000110701
0500000US17097,78,704596,0.000110702
0500000US13211,2,17862,0.00011197
0500000US01073,74,658555,0.000112367
0500000US48491,48,426645,0.000112506
0500000US55031,5,44184,0.000113163
0500000US19033,5,44104,0.000113368
0500000US54061,11,96791,0.000113647
0500000US48209,18,158312,0.0001137
0500000US19051,1,8765,0.00011409
0500000US06079,31,270113,0.000114767
0500000US39081,8,69614,0.000114919
0500000US18139,2,17358,0.000115221
0500000US12117,49,423508,0.0001157
0500000US12061,16,138268,0.000115717
0500000US21077,1,8597,0.00011632
0500000US36073,5,42854,0.000116675
0500000US29007,3,25490,0.000117693
0500000US21111,89,742172,0.000119918
0500000US08021,1,8288,0.000120656
0500000US08001,54,443715,0.0001217
0500000US39153,66,541565,0.000121869
0500000US23029,4,32811,0.00012191
0500000US16017,5,40915,0.000122205
0500000US38077,2,16342,0.000122384
0500000US24019,4,32650,0.000122511
0500000US32031,52,422528,0.000123069
0500000US51005,2,16228,0.000123244
0500000US39009,8,64770,0.000123514
0500000US27141,11,88691,0.000124026
0500000US36119,118,950541,0.00012414
0500000US05007,28,222894,0.00012562
0500000US55129,2,15916,0.00012566
0500000US28105,6,47692,0.000125807
0500000US06111,104,825706,0.000125953
0500000US19153,55,432260,0.000127238
0500000US08107,3,23447,0.000127948
0500000US12103,118,916719,0.00012872
0500000US38061,1,7733,0.000129316
0500000US28063,1,7712,0.000129668
0500000US51683,5,38201,0.000130887
0500000US34039,71,537661,0.000132053
0500000US40093,1,7506,0.000133227
0500000US02270,1,7464,0.000133976
0500000US23025,7,52231,0.00013402
0500000US19071,1,7432,0.000134553
0500000US20045,15,111130,0.000134977
0500000US36047,339,2508340,0.000135149
0500000US08067,7,51431,0.000136105
0500000US36055,102,744389,0.000137025
0500000US48201,570,4110771,0.00013866
0500000US26125,167,1203012,0.000138818
0500000US55089,12,86365,0.000138945
0500000US12011,245,1753578,0.000139714
0500000US49025,1,7156,0.000139743
0500000US12057,173,1233846,0.000140212
0500000US34019,18,128373,0.000140216
0500000US27037,57,399100,0.000142821
0500000US01089,48,335988,0.000142862
0500000US17021,5,34786,0.000143736
0500000US04013,552,3827371,0.000144224
0500000US09003,130,894478,0.000145336
0500000US28089,14,95552,0.000146517
0500000US22071,51,347858,0.000146612
0500000US21233,2,13601,0.000147048
0500000US21185,9,60450,0.000148883
0500000US08059,80,535533,0.000149384
0500000US47093,65,433108,0.000150078
0500000US37175,5,33094,0.000151085
0500000US12109,29,191323,0.000151576
0500000US41003,13,85575,0.000151914
0500000US26047,5,32691,0.000152947
0500000US24021,36,234122,0.000153766
0500000US21037,14,90532,0.000154641
0500000US47185,4,25847,0.000154757
0500000US12095,179,1149500,0.00015572
0500000US38053,1,6415,0.000155885
0500000US37037,10,63821,0.000156688
0500000US37189,8,51041,0.000156737
0500000US34013,123,784228,0.000156842
0500000US06113,32,201190,0.000159054
0500000US29019,26,163232,0.000159282
0500000US24003,86,539198,0.000159496
0500000US12086,404,2505379,0.000161253
0500000US18115,1,6119,0.000163425
0500000US32003,322,1954260,0.000164768
0500000US18143,4,24174,0.000165467
0500000US35049,24,144606,0.000165968
0500000US35028,3,18031,0.00016638
0500000US05119,64,383632,0.000166827
0500000US53031,5,29924,0.00016709
0500000US17175,1,5977,0.000167308
0500000US06055,23,136858,0.000168057
0500000US49051,4,23705,0.000168741
0500000US36083,27,159428,0.000169355
0500000US17043,157,918764,0.000170882
0500000US20209,27,157845,0.000171054
0500000US08025,1,5838,0.000171292
0500000US31109,50,286141,0.000174739
0500000US25003,23,131144,0.00017538
0500000US19101,3,16827,0.000178285
0500000US34003,162,906541,0.000178701
0500000US18157,31,172963,0.000179229
0500000US32510,10,55226,0.000181074
0500000US06109,10,55186,0.000181205
0500000US39049,212,1165897,0.000181834
0500000US30063,20,109494,0.000182658
0500000US51750,3,16423,0.000182671
0500000US23009,10,54364,0.000183945
0500000US47157,172,929030,0.000185139
0500000US27123,95,509320,0.000186523
0500000US26077,47,250738,0.000187447
0500000US45009,3,15949,0.0001881
0500000US34017,120,635294,0.000188889
0500000US19169,17,89575,0.000189785
0500000US31001,6,31388,0.000191156
0500000US13135,157,808719,0.000194134
0500000US45045,88,452859,0.000194321
0500000US06013,205,1052827,0.000194714
0500000US53039,4,20378,0.00019629
0500000US31055,103,518777,0.000198544
0500000US06063,4,19950,0.000200501
0500000US51630,5,24445,0.000204541
0500000US35033,1,4889,0.000204541
0500000US19103,27,131225,0.000205753
0500000US23005,58,281457,0.000206071
0500000US35001,137,664639,0.000206127
0500000US08069,62,300637,0.000206229
0500000US42017,129,625472,0.000206244
0500000US29510,66,319156,0.000206795
0500000US37119,191,923427,0.000206838
0500000US20091,113,545876,0.000207007
0500000US18183,7,33335,0.00020999
0500000US27055,4,19022,0.000210283
0500000US34023,171,810986,0.000210854
0500000US50027,12,56654,0.000211812
0500000US40075,2,9436,0.000211954
0500000US34027,108,492694,0.000219203
0500000US25027,176,799553,0.000220123
0500000US31067,5,22301,0.000224205
0500000US16001,89,393531,0.000226158
0500000US18057,63,276390,0.000227939
0500000US17011,8,34941,0.000228957
0500000US46039,1,4352,0.000229779
0500000US21067,69,296765,0.000232507
0500000US56039,5,21302,0.00023472
0500000US12099,312,1323394,0.000235757
0500000US51137,8,33535,0.000238557
0500000US45019,84,351482,0.000238988
0500000US38045,1,4127,0.000242307
0500000US48085,192,788407,0.000243529
0500000US42045,137,559276,0.00024496
0500000US42101,375,1528306,0.00024537
0500000US13241,4,16280,0.0002457
0500000US24035,12,47899,0.000250527
0500000US16003,1,3953,0.000252972
0500000US12131,14,55233,0.000253472
0500000US09009,228,862989,0.000264198
0500000US41017,42,157894,0.000266001
0500000US47065,90,337294,0.00026683
0500000US33009,24,89108,0.000269336
0500000US41067,144,531744,0.000270807
0500000US50001,10,36810,0.000271665
0500000US27019,25,91361,0.00027364
0500000US06087,72,263054,0.000273708
0500000US33015,81,295360,0.000274242
0500000US10003,148,538986,0.00027459
0500000US17031,1431,5200950,0.000275142
0500000US18097,249,904878,0.000275175
0500000US38029,1,3540,0.000282486
0500000US08097,5,17163,0.000291324
0500000US51161,27,92389,0.000292243
0500000US34035,95,324194,0.000293034
0500000US22023,2,6799,0.000294161
0500000US20131,3,10173,0.000294898
0500000US25009,222,744644,0.000298129
0500000US39035,383,1278208,0.000299638
0500000US44007,189,627070,0.000301402
0500000US17019,61,201332,0.000302982
0500000US42091,243,801052,0.000303351
0500000US39061,245,802252,0.00030539
0500000US06097,149,485120,0.000307141
0500000US48113,744,2377351,0.000312953
0500000US42029,159,499797,0.000318129
0500000US12001,81,247497,0.000327277
0500000US42093,6,18286,0.00032812
0500000US09001,308,918714,0.000335251
0500000US06037,3356,9830420,0.000341389
0500000US29189,344,998881,0.000344385
0500000US30025,1,2887,0.00034638
0500000US56043,3,8556,0.000350631
0500000US25021,239,672376,0.000355456
0500000US33011,145,401057,0.000361545
0500000US30031,33,89658,0.000368065
0500000US16077,3,7879,0.000380759
0500000US51121,36,94531,0.000380827
0500000US24027,110,288376,0.000381446
0500000US34021,142,366789,0.000387144
0500000US47031,21,52780,0.000397878
0500000US48125,1,2453,0.000407664
0500000US27133,4,9692,0.000412712
0500000US36109,42,101620,0.000413304
0500000US06059,1261,3018963,0.000417693
0500000US51107,132,315134,0.000418869
0500000US17067,8,19090,0.000419068
0500000US08005,248,575022,0.000431288
0500000US37135,58,134197,0.0004322
0500000US24005,353,805709,0.000438123
0500000US29069,14,31920,0.000438596
0500000US51510,63,140912,0.000447088
0500000US48165,8,17594,0.0004547
0500000US50007,73,156705,0.000465843
0500000US49035,489,1033910,0.000472962
0500000US49049,247,520049,0.000474955
0500000US08109,3,6122,0.000490036
0500000US51830,7,14170,0.000494001
0500000US27053,580,1154623,0.000502328
0500000US51059,550,1086743,0.000506099
0500000US55025,248,489309,0.000506837
0500000US37183,465,906969,0.000512697
0500000US24031,505,976203,0.00051731
0500000US55077,8,15383,0.000520055
0500000US05143,108,204123,0.000529093
0500000US53059,6,11102,0.000540443
0500000US42003,664,1223583,0.000542669
0500000US08113,4,7357,0.0005437
0500000US02068,1,1835,0.000544959
0500000US06083,238,424712,0.00056038
0500000US06073,1867,3105989,0.000601097
0500000US51013,126,209457,0.000601555
0500000US41051,472,737902,0.000639651
0500000US47037,413,628133,0.000657504
0500000US26161,229,345290,0.000663211
0500000US06041,173,252916,0.000684022
0500000US30007,4,5629,0.000710606
0500000US51097,5,6959,0.000718494
0500000US29103,3,4133,0.000725865
0500000US46119,1,1374,0.000727802
0500000US20073,5,6677,0.000748839
0500000US31029,3,3971,0.000755477
0500000US11001,460,604453,0.000761019
0500000US49043,30,36521,0.000821445
0500000US47187,158,184035,0.000858532
0500000US08031,530,604414,0.000876882
0500000US06001,1392,1513952,0.000919448
0500000US47039,11,11742,0.000936808
0500000US29035,6,6299,0.000952532
0500000US39159,53,52390,0.001011643
0500000US51610,13,12520,0.001038339
0500000US13121,1014,926197,0.001094799
0500000US51003,119,99150,0.001200202
0500000US53033,2383,1937961,0.001229643
0500000US37063,349,268454,0.001300037
0500000US08014,73,56135,0.001300436
0500000US48453,1571,1030806,0.00152405
0500000US38063,5,3124,0.001600512
0500000US25025,1470,723323,0.002032287
0500000US08013,651,295166,0.002205539
0500000US25017,3530,1506008,0.002343945
0500000US20195,8,3003,0.002664003
0500000US06085,6692,1787694,0.00374337
0500000US36061,6159,1586698,0.003881646
0500000US06081,3141,720162,0.004361519
0500000US51159,69,9248,0.007461073
0500000US06075,7422,805463,0.009214576