geo_id,tot_pop
0500000US01001,54632
0500000US01003,183195
0500000US01005,27411
0500000US01007,22867
0500000US01009,57338
0500000US01011,10890
0500000US01013,20951
0500000US01015,118510
0500000US01017,34157
0500000US01019,25991
0500000US01021,43682
0500000US01023,13820
0500000US01025,25763
0500000US01027,13897
0500000US01029,14988
0500000US01031,50104
0500000US01033,54433
0500000US01035,13202
0500000US01037,11556
0500000US01039,37776
0500000US01041,13857
0500000US01043,80459
0500000US01045,50358
0500000US01047,43790
0500000US01049,71151
0500000US01051,79549
0500000US01053,38292
0500000US01055,104462
0500000US01057,17219
0500000US01059,31729
0500000US01061,26815
0500000US01063,8987
0500000US01065,15708
0500000US01067,17307
0500000US01069,101888
0500000US01071,53128
0500000US01073,658555
0500000US01075,14508
0500000US01077,92679
0500000US01079,34342
0500000US01081,140780
0500000US01083,83193
0500000US01085,11259
0500000US01087,21540
0500000US01089,335988
0500000US01091,20975
0500000US01093,30770
0500000US01095,93235
0500000US01097,413277
0500000US01099,22994
0500000US01101,229844
0500000US01103,119626
0500000US01105,10556
0500000US01107,19705
0500000US01109,32957
0500000US01111,22916
0500000US01113,53188
0500000US01115,83761
0500000US01117,195828
0500000US01119,13744
0500000US01121,82110
0500000US01123,41516
0500000US01125,195036
0500000US01127,66947
0500000US01129,17597
0500000US01131,11615
0500000US01133,24395
0500000US02013,3155
0500000US02016,5558
0500000US02020,293227
0500000US02050,17090
0500000US02060,1001
0500000US02068,1835
0500000US02070,4877
0500000US02090,98314
0500000US02100,2512
0500000US02105,2151
0500000US02110,31416
0500000US02122,55610
0500000US02130,13529
0500000US02150,13633
0500000US02164,1633
0500000US02170,89737
0500000US02180,9552
0500000US02185,9480
0500000US02188,7543
0500000US02195,3828
0500000US02198,5592
0500000US02220,8892
0500000US02230,965
0500000US02240,7054
0500000US02261,9680
0500000US02270,7464
0500000US02275,2375
0500000US02282,660
0500000US02290,5622
0500000US04001,71676
0500000US04003,131789
0500000US04005,134651
0500000US04007,53569
0500000US04009,37110
0500000US04011,8353
0500000US04012,20458
0500000US04013,3827371
0500000US04015,200181
0500000US04017,107551
0500000US04019,982154
0500000US04021,383842
0500000US04023,47462
0500000US04025,211061
0500000US04027,196509
0500000US05001,18978
0500000US05003,21832
0500000US05005,41503
0500000US05007,222894
0500000US05009,36918
0500000US05011,11496
0500000US05013,5342
0500000US05015,27562
0500000US05017,11782
0500000US05019,22979
0500000US05021,16077
0500000US05023,25991
0500000US05025,8695
0500000US05027,24511
0500000US05029,21266
0500000US05031,96771
0500000US05033,62026
0500000US05035,50937
0500000US05037,17851
0500000US05039,8086
0500000US05041,12979
0500000US05043,18515
0500000US05045,113980
0500000US05047,18116
0500000US05049,12229
0500000US05051,96145
0500000US05053,17889
0500000US05055,42192
0500000US05057,22620
0500000US05059,32943
0500000US05061,13820
0500000US05063,36738
0500000US05065,13683
0500000US05067,17974
0500000US05069,77358
0500000US05071,25585
0500000US05073,7637
0500000US05075,17424
0500000US05077,10412
0500000US05079,14104
0500000US05081,13143
0500000US05083,22325
0500000US05085,68634
0500000US05087,15735
0500000US05089,16624
0500000US05091,43529
0500000US05093,46349
0500000US05095,8099
0500000US05097,9472
0500000US05099,8976
0500000US05101,8334
0500000US05103,26134
0500000US05105,10441
0500000US05107,21655
0500000US05109,11285
0500000US05111,24568
0500000US05113,20680
0500000US05115,61867
0500000US05117,8696
0500000US05119,383632
0500000US05121,17969
0500000US05123,28174
0500000US05125,107532
0500000US05127,11278
0500000US05129,8187
0500000US05131,125920
0500000US05133,17142
0500000US05135,17236
0500000US05137,12403
0500000US05139,41554
0500000US05141,17265
0500000US05143,204123
0500000US05145,77350
0500000US05147,7249
0500000US05149,22206
0500000US06001,1513952
0500000US06003,1163
0500000US06005,38042
0500000US06007,220072
0500000US06009,45490
0500000US06011,21474
0500000US06013,1052827
0500000US06015,28632
0500000US06017,181194
0500000US06019,933248
0500000US06021,28129
0500000US06023,134794
0500000US06025,175234
0500000US06027,18513
0500000US06029,842207
0500000US06031,153174
0500000US06033,64771
0500000US06035,34805
0500000US06037,9830420
0500000US06039,151408
0500000US06041,252916
0500000US06043,18243
0500000US06045,87828
0500000US06047,256778
0500000US06049,9685
0500000US06051,14234
0500000US06053,416682
0500000US06055,136858
0500000US06057,98794
0500000US06059,3018963
0500000US06061,350048
0500000US06063,19950
0500000US06065,2203332
0500000US06067,1421959
0500000US06069,55561
0500000US06071,2042441
0500000US06073,3105989
0500000US06075,805463
0500000US06077,687744
0500000US06079,270113
0500000US06081,720162
0500000US06083,424712
0500000US06085,1787694
0500000US06087,263054
0500000US06089,177291
0500000US06091,3236
0500000US06093,44929
0500000US06095,414305
0500000US06097,485120
0500000US06099,515358
0500000US06101,94806
0500000US06103,63604
0500000US06105,13804
0500000US06107,443688
0500000US06109,55186
0500000US06111,825706
0500000US06113,201190
0500000US06115,72388
0500000US08001,443715
0500000US08003,15499
0500000US08005,575022
0500000US08007,12063
0500000US08009,3795
0500000US08011,6510
0500000US08013,295166
0500000US08014,56135
0500000US08015,17809
0500000US08017,1830
0500000US08019,9112
0500000US08021,8288
0500000US08023,3528
0500000US08025,5838
0500000US08027,4271
0500000US08029,30885
0500000US08031,604414
0500000US08033,2062
0500000US08035,287003
0500000US08037,52126
0500000US08039,23138
0500000US08041,626928
0500000US08043,46837
0500000US08045,56139
0500000US08047,5478
0500000US08049,14796
0500000US08051,15312
0500000US08053,847
0500000US08055,6667
0500000US08057,1390
0500000US08059,535533
0500000US08061,1399
0500000US08063,8276
0500000US08065,7287
0500000US08067,51431
0500000US08069,300637
0500000US08071,15421
0500000US08073,5473
0500000US08075,22735
0500000US08077,146313
0500000US08079,710
0500000US08081,13818
0500000US08083,25539
0500000US08085,41183
0500000US08087,28193
0500000US08089,18855
0500000US08091,4455
0500000US08093,16262
0500000US08095,4472
0500000US08097,17163
0500000US08099,12546
0500000US08101,159477
0500000US08103,6620
0500000US08105,12011
0500000US08107,23447
0500000US08109,6122
0500000US08111,710
0500000US08113,7357
0500000US08115,2372
0500000US08117,28081
0500000US08119,23454
0500000US08121,4803
0500000US08123,254270
0500000US08125,10043
0500000US09001,918714
0500000US09003,894478
0500000US09005,189840
0500000US09007,165697
0500000US09009,862989
0500000US09011,274055
0500000US09013,152781
0500000US09015,118519
0500000US10001,162912
0500000US10003,538986
0500000US10005,197871
0500000US11001,604453
0500000US12001,247497
0500000US12003,27106
0500000US12005,169272
0500000US12007,28480
0500000US12009,543573
0500000US12011,1753578
0500000US12013,14599
0500000US12015,159990
0500000US12017,141129
0500000US12019,191395
0500000US12021,322472
0500000US12023,67597
0500000US12027,34984
0500000US12029,16390
0500000US12031,865876
0500000US12033,298043
0500000US12035,95928
0500000US12037,11554
0500000US12039,46449
0500000US12041,16956
0500000US12043,12842
0500000US12045,15847
0500000US12047,14747
0500000US12049,27801
0500000US12051,39180
0500000US12053,173008
0500000US12055,98700
0500000US12057,1233846
0500000US12059,19855
0500000US12061,138268
0500000US12063,49701
0500000US12065,14763
0500000US12067,8891
0500000US12069,297950
0500000US12071,620151
0500000US12073,276058
0500000US12075,40735
0500000US12077,8355
0500000US12079,19205
0500000US12081,323435
0500000US12083,331290
0500000US12085,146393
0500000US12086,2505379
0500000US12087,73269
0500000US12089,73473
0500000US12091,180728
0500000US12093,40041
0500000US12095,1149500
0500000US12097,269837
0500000US12099,1323394
0500000US12101,465543
0500000US12103,916719
0500000US12105,602788
0500000US12107,74262
0500000US12109,191323
0500000US12111,278689
0500000US12113,151966
0500000US12115,379874
0500000US12117,423508
0500000US12119,94074
0500000US12121,41495
0500000US12123,22566
0500000US12125,15524
0500000US12127,494527
0500000US12129,30826
0500000US12131,55233
0500000US12133,24899
0500000US13001,18261
0500000US13003,8366
0500000US13005,11076
0500000US13007,3415
0500000US13009,45735
0500000US13011,18415
0500000US13013,69731
0500000US13015,100195
0500000US13017,17653
0500000US13019,19303
0500000US13021,155715
0500000US13023,13098
0500000US13025,18435
0500000US13027,16199
0500000US13029,30382
0500000US13031,70729
0500000US13033,23367
0500000US13035,23674
0500000US13037,6697
0500000US13039,50697
0500000US13043,11030
0500000US13045,110661
0500000US13047,63975
0500000US13049,12137
0500000US13051,265871
0500000US13053,11136
0500000US13055,26016
0500000US13057,215129
0500000US13059,116668
0500000US13061,3175
0500000US13063,259623
0500000US13065,6800
0500000US13067,690063
0500000US13069,42332
0500000US13071,45628
0500000US13073,124815
0500000US13075,17227
0500000US13077,127955
0500000US13079,12591
0500000US13081,23423
0500000US13083,16609
0500000US13085,22343
0500000US13087,27813
0500000US13089,692902
0500000US13091,21775
0500000US13093,14869
0500000US13095,94577
0500000US13097,132722
0500000US13099,10988
0500000US13101,4050
0500000US13103,52436
0500000US13105,20112
0500000US13107,22664
0500000US13109,11007
0500000US13111,23663
0500000US13113,106945
0500000US13115,96274
0500000US13117,176738
0500000US13119,22048
0500000US13121,926197
0500000US13123,28335
0500000US13125,3080
0500000US13127,79816
0500000US13129,55214
0500000US13131,25060
0500000US13133,16006
0500000US13135,808719
0500000US13137,43080
0500000US13139,180253
0500000US13141,9391
0500000US13143,28774
0500000US13145,32167
0500000US13147,25217
0500000US13149,11854
0500000US13151,205265
0500000US13153,140713
0500000US13155,9528
0500000US13157,60706
0500000US13159,13926
0500000US13161,15091
0500000US13163,16884
0500000US13165,8345
0500000US13167,9971
0500000US13169,28634
0500000US13171,18335
0500000US13173,10126
0500000US13175,48439
0500000US13177,28397
0500000US13179,62819
0500000US13181,7966
0500000US13183,14644
0500000US13185,109734
0500000US13187,29998
0500000US13189,21876
0500000US13191,14271
0500000US13193,14662
0500000US13195,28167
0500000US13197,8753
0500000US13199,21849
0500000US13201,6123
0500000US13205,23500
0500000US13207,26467
0500000US13209,9116
0500000US13211,17862
0500000US13213,39559
0500000US13215,190417
0500000US13217,100086
0500000US13219,32984
0500000US13221,14919
0500000US13223,142741
0500000US13225,27741
0500000US13227,29436
0500000US13229,18818
0500000US13231,17905
0500000US13233,41523
0500000US13235,11991
0500000US13237,21205
0500000US13239,2521
0500000US13241,16280
0500000US13243,7696
0500000US13245,201005
0500000US13247,85434
0500000US13249,5010
0500000US13251,14500
0500000US13253,8727
0500000US13255,64081
0500000US13257,26193
0500000US13259,6053
0500000US13261,32816
0500000US13263,6844
0500000US13265,1698
0500000US13267,25585
0500000US13269,8911
0500000US13271,16497
0500000US13273,9321
0500000US13275,44769
0500000US13277,40339
0500000US13279,27297
0500000US13281,10488
0500000US13283,6876
0500000US13285,67187
0500000US13287,8950
0500000US13289,8968
0500000US13291,21342
0500000US13293,27087
0500000US13295,68761
0500000US13297,84004
0500000US13299,36340
0500000US13301,5804
0500000US13303,21156
0500000US13305,30115
0500000US13307,2789
0500000US13309,7423
0500000US13311,27168
0500000US13313,102934
0500000US13315,9270
0500000US13317,10590
0500000US13319,9540
0500000US13321,21630
0500000US15001,185406
0500000US15003,955775
0500000US15005,90
0500000US15007,67226
0500000US15009,155124
0500000US16001,393531
0500000US16003,3953
0500000US16005,83071
0500000US16007,5971
0500000US16009,9285
0500000US16011,45769
0500000US16013,21326
0500000US16015,7032
0500000US16017,40915
0500000US16019,104592
0500000US16021,11026
0500000US16023,2907
0500000US16025,1109
0500000US16027,189428
0500000US16029,6977
0500000US16031,23088
0500000US16033,988
0500000US16035,8740
0500000US16037,4366
0500000US16039,27123
0500000US16041,12794
0500000US16043,13251
0500000US16045,16675
0500000US16047,15503
0500000US16049,16291
0500000US16051,26236
0500000US16053,22469
0500000US16055,138901
0500000US16057,37334
0500000US16059,7957
0500000US16061,3816
0500000US16063,5211
0500000US16065,37623
0500000US16067,20112
0500000US16069,39339
0500000US16071,4298
0500000US16073,11512
0500000US16075,22621
0500000US16077,7879
0500000US16079,12729
0500000US16081,10193
0500000US16083,77517
0500000US16085,9787
0500000US16087,10205
0500000US17001,67120
0500000US17003,8209
0500000US17005,17778
0500000US17007,54160
0500000US17009,6919
0500000US17011,34941
0500000US17013,5088
0500000US17015,15361
0500000US17017,13646
0500000US17019,201332
0500000US17021,34786
0500000US17023,16309
0500000US17025,13802
0500000US17027,37833
0500000US17029,53924
0500000US17031,5200950
0500000US17033,19794
0500000US17035,11041
0500000US17037,105201
0500000US17039,16556
0500000US17041,19970
0500000US17043,918764
0500000US17045,18530
0500000US17047,6729
0500000US17049,34234
0500000US17051,22125
0500000US17053,14075
0500000US17055,39578
0500000US17057,37050
0500000US17059,5576
0500000US17061,13866
0500000US17063,50144
0500000US17065,8449
0500000US17067,19090
0500000US17069,4312
0500000US17071,7326
0500000US17073,50438
0500000US17075,29660
0500000US17077,60361
0500000US17079,9691
0500000US17081,38806
0500000US17083,22944
0500000US17085,22655
0500000US17087,12591
0500000US17089,516499
0500000US17091,113502
0500000US17093,115304
0500000US17095,52919
0500000US17097,704596
0500000US17099,113840
0500000US17101,16825
0500000US17103,35941
0500000US17105,38878
0500000US17107,30286
0500000US17109,32609
0500000US17111,309192
0500000US17113,169832
0500000US17115,110715
0500000US17117,47808
0500000US17119,269271
0500000US17121,39417
0500000US17123,12629
0500000US17125,14625
0500000US17127,15414
0500000US17129,12695
0500000US17131,16426
0500000US17133,32990
0500000US17135,30076
0500000US17137,35510
0500000US17139,14853
0500000US17141,53477
0500000US17143,186311
0500000US17145,22343
0500000US17147,16705
0500000US17149,16408
0500000US17151,4471
0500000US17153,6157
0500000US17155,6007
0500000US17157,33437
0500000US17159,16215
0500000US17161,147517
0500000US17163,270419
0500000US17165,24932
0500000US17167,197822
0500000US17169,7543
0500000US17171,5342
0500000US17173,22335
0500000US17175,5977
0500000US17177,47649
0500000US17179,135433
0500000US17181,17775
0500000US17183,81551
0500000US17185,11914
0500000US17187,17702
0500000US17189,14698
0500000US17191,16734
0500000US17193,14626
0500000US17195,58448
0500000US17197,678697
0500000US17199,66369
0500000US17201,295127
0500000US17203,38659
0500000US18001,34396
0500000US18003,355856
0500000US18005,76855
0500000US18007,8888
0500000US18009,12747
0500000US18011,56891
0500000US18013,15218
0500000US18015,20162
0500000US18017,38965
0500000US18019,110610
0500000US18021,26876
0500000US18023,33234
0500000US18025,10726
0500000US18027,31716
0500000US18029,50100
0500000US18031,25772
0500000US18033,42285
0500000US18035,117669
0500000US18037,41875
0500000US18039,197646
0500000US18041,24282
0500000US18043,74679
0500000US18045,17249
0500000US18047,23047
0500000US18049,20844
0500000US18051,33537
0500000US18053,69975
0500000US18055,33205
0500000US18057,276390
0500000US18059,70250
0500000US18061,39394
0500000US18063,145867
0500000US18065,49476
0500000US18067,82770
0500000US18069,37109
0500000US18071,42587
0500000US18073,33529
0500000US18075,21196
0500000US18077,32394
0500000US18079,28500
0500000US18081,140009
0500000US18083,38405
0500000US18085,77368
0500000US18087,37134
0500000US18089,495981
0500000US18091,111465
0500000US18093,46124
0500000US18095,131642
0500000US18097,904878
0500000US18099,47020
0500000US18101,10338
0500000US18103,36800
0500000US18105,138422
0500000US18107,38096
0500000US18109,69061
0500000US18111,14243
0500000US18113,47541
0500000US18115,6119
0500000US18117,19800
0500000US18119,21572
0500000US18121,17332
0500000US18123,19327
0500000US18125,12831
0500000US18127,164592
0500000US18129,25903
0500000US18131,13351
0500000US18133,37906
0500000US18135,26133
0500000US18137,28814
0500000US18139,17358
0500000US18141,266961
0500000US18143,24174
0500000US18145,44391
0500000US18147,20908
0500000US18149,23372
0500000US18151,34165
0500000US18153,21469
0500000US18155,10615
0500000US18157,172963
0500000US18159,15895
0500000US18161,7520
0500000US18163,179833
0500000US18165,16148
0500000US18167,107958
0500000US18169,32826
0500000US18171,8501
0500000US18173,59835
0500000US18175,28290
0500000US18177,68853
0500000US18179,27642
0500000US18181,24635
0500000US18183,33335
0500000US19001,7675
0500000US19003,4019
0500000US19005,14355
0500000US19007,12877
0500000US19009,6107
0500000US19011,26073
0500000US19013,131221
0500000US19015,26281
0500000US19017,24289
0500000US19019,20936
0500000US19021,20332
0500000US19023,14911
0500000US19025,9662
0500000US19027,20838
0500000US19029,13952
0500000US19031,18501
0500000US19033,44104
0500000US19035,12095
0500000US19037,12416
0500000US19039,9300
0500000US19041,16650
0500000US19043,18087
0500000US19045,49093
0500000US19047,17132
0500000US19049,66616
0500000US19051,8765
0500000US19053,8433
0500000US19055,17751
0500000US19057,40318
0500000US19059,16667
0500000US19061,93880
0500000US19063,10280
0500000US19065,20839
0500000US19067,16310
0500000US19069,10683
0500000US19071,7432
0500000US19073,9335
0500000US19075,12447
0500000US19077,10956
0500000US19079,15636
0500000US19081,11321
0500000US19083,17519
0500000US19085,14922
0500000US19087,20119
0500000US19089,9559
0500000US19091,9796
0500000US19093,7078
0500000US19095,16321
0500000US19097,19845
0500000US19099,36815
0500000US19101,16827
0500000US19103,131225
0500000US19105,20649
0500000US19107,10498
0500000US19109,15500
0500000US19111,35857
0500000US19113,211501
0500000US19115,11375
0500000US19117,8885
0500000US19119,11578
0500000US19121,15732
0500000US19123,22376
0500000US19125,33234
0500000US19127,40746
0500000US19129,15061
0500000US19131,10781
0500000US19133,9231
0500000US19135,7974
0500000US19137,10718
0500000US19139,42738
0500000US19141,14374
0500000US19143,6439
0500000US19145,15922
0500000US19147,9383
0500000US19149,24995
0500000US19151,7278
0500000US19153,432260
0500000US19155,93359
0500000US19157,18885
0500000US19159,5129
0500000US19161,10346
0500000US19163,165841
0500000US19165,12160
0500000US19167,33705
0500000US19169,89575
0500000US19171,17730
0500000US19173,6303
0500000US19175,12528
0500000US19177,7548
0500000US19179,35667
0500000US19181,46308
0500000US19183,21693
0500000US19185,6402
0500000US19187,37915
0500000US19189,10841
0500000US19191,21059
0500000US19193,102407
0500000US19195,7594
0500000US19197,13202
0500000US20001,13354
0500000US20003,8097
0500000US20005,16894
0500000US20007,4844
0500000US20009,27705
0500000US20011,15172
0500000US20013,9988
0500000US20015,65923
0500000US20017,2794
0500000US20019,3660
0500000US20021,21569
0500000US20023,2720
0500000US20025,2201
0500000US20027,8553
0500000US20029,9518
0500000US20031,8610
0500000US20033,1895
0500000US20035,36285
0500000US20037,39185
0500000US20039,2952
0500000US20041,19739
0500000US20043,7950
0500000US20045,111130
0500000US20047,3049
0500000US20049,2872
0500000US20051,28467
0500000US20053,6511
0500000US20055,37013
0500000US20057,34094
0500000US20059,26035
0500000US20061,35212
0500000US20063,2691
0500000US20065,2595
0500000US20067,7852
0500000US20069,6037
0500000US20071,1259
0500000US20073,6677
0500000US20075,2694
0500000US20077,6028
0500000US20079,34726
0500000US20081,4274
0500000US20083,1912
0500000US20085,13492
0500000US20087,19132
0500000US20089,3075
0500000US20091,545876
0500000US20093,3998
0500000US20095,7840
0500000US20097,2570
0500000US20099,21555
0500000US20101,1740
0500000US20103,76504
0500000US20105,3235
0500000US20107,9640
0500000US20109,2758
0500000US20111,33654
0500000US20113,29151
0500000US20115,12642
0500000US20117,10117
0500000US20119,4596
0500000US20121,32860
0500000US20123,6354
0500000US20125,35390
0500000US20127,5913
0500000US20129,3228
0500000US20131,10173
0500000US20133,16480
0500000US20135,3104
0500000US20137,5674
0500000US20139,16291
0500000US20141,3838
0500000US20143,6077
0500000US20145,6962
0500000US20147,5638
0500000US20149,21701
0500000US20151,9641
0500000US20153,2504
0500000US20155,64597
0500000US20157,4952
0500000US20159,10089
0500000US20161,71481
0500000US20163,5174
0500000US20165,3322
0500000US20167,6990
0500000US20169,55733
0500000US20171,4967
0500000US20173,499393
0500000US20175,23036
0500000US20177,178301
0500000US20179,2545
0500000US20181,6006
0500000US20183,3851
0500000US20185,4440
0500000US20187,2253
0500000US20189,5755
0500000US20191,24104
0500000US20193,7938
0500000US20195,3003
0500000US20197,7043
0500000US20199,1490
0500000US20201,5799
0500000US20203,2237
0500000US20205,9383
0500000US20207,3303
0500000US20209,157845
0500000US21001,18614
0500000US21003,19980
0500000US21005,21465
0500000US21007,8263
0500000US21009,42164
0500000US21011,11607
0500000US21013,28706
0500000US21015,119290
0500000US21017,19964
0500000US21019,49580
0500000US21021,28497
0500000US21023,8499
0500000US21025,13875
0500000US21027,20060
0500000US21029,74473
0500000US21031,12714
0500000US21033,12978
0500000US21035,37281
0500000US21037,90532
0500000US21039,5102
0500000US21041,10794
0500000US21043,27675
0500000US21045,15972
0500000US21047,74179
0500000US21049,35634
0500000US21051,21698
0500000US21053,10262
0500000US21055,9313
0500000US21057,6850
0500000US21059,96762
0500000US21061,12171
0500000US21063,7895
0500000US21065,14678
0500000US21067,296765
0500000US21069,14381
0500000US21071,39446
0500000US21073,49288
0500000US21075,6821
0500000US21077,8597
0500000US21079,16920
0500000US21081,24671
0500000US21083,37205
0500000US21085,25785
0500000US21087,11226
0500000US21089,36885
0500000US21091,8570
0500000US21093,106933
0500000US21095,29232
0500000US21097,18828
0500000US21099,18206
0500000US21101,46302
0500000US21103,15389
0500000US21105,4885
0500000US21107,46899
0500000US21109,13503
0500000US21111,742172
0500000US21113,48716
0500000US21115,23415
0500000US21117,159876
0500000US21119,16298
0500000US21121,31893
0500000US21123,14185
0500000US21125,58944
0500000US21127,15868
0500000US21129,7874
0500000US21131,11299
0500000US21133,24551
0500000US21135,13849
0500000US21137,24741
0500000US21139,9534
0500000US21141,26835
0500000US21143,8304
0500000US21145,65539
0500000US21147,18314
0500000US21149,9519
0500000US21151,83157
0500000US21153,13327
0500000US21155,19831
0500000US21157,31452
0500000US21159,12894
0500000US21161,17497
0500000US21163,28664
0500000US21165,6307
0500000US21167,21363
0500000US21169,10109
0500000US21171,10978
0500000US21173,26516
0500000US21175,13928
0500000US21177,31493
0500000US21179,43609
0500000US21181,7131
0500000US21183,23818
0500000US21185,60450
0500000US21187,10833
0500000US21189,4764
0500000US21191,14910
0500000US21193,28725
0500000US21195,64952
0500000US21197,12625
0500000US21199,63135
0500000US21201,2279
0500000US21203,17032
0500000US21205,23318
0500000US21207,17535
0500000US21209,47443
0500000US21211,42255
0500000US21213,17357
0500000US21215,17108
0500000US21217,24561
0500000US21219,12447
0500000US21221,14351
0500000US21223,8798
0500000US21225,15005
0500000US21227,114172
0500000US21229,11770
0500000US21231,20816
0500000US21233,13601
0500000US21235,35586
0500000US21237,7349
0500000US21239,25025
0500000US22001,61844
0500000US22003,25732
0500000US22005,107891
0500000US22007,23374
0500000US22009,42103
0500000US22011,35831
0500000US22013,14330
0500000US22015,117522
0500000US22017,255543
0500000US22019,193230
0500000US22021,10119
0500000US22023,6799
0500000US22025,10381
0500000US22027,17141
0500000US22029,20806
0500000US22031,26734
0500000US22033,440909
0500000US22035,7731
0500000US22037,20190
0500000US22039,33990
0500000US22041,20773
0500000US22043,22341
0500000US22045,73236
0500000US22047,33364
0500000US22049,16297
0500000US22051,432449
0500000US22053,31605
0500000US22055,222051
0500000US22057,96328
0500000US22059,14928
0500000US22061,46801
0500000US22063,128549
0500000US22065,12102
0500000US22067,27925
0500000US22069,39605
0500000US22071,347858
0500000US22073,153910
0500000US22075,23106
0500000US22077,22771
0500000US22079,131779
0500000US22081,9079
0500000US22083,20736
0500000US22085,24229
0500000US22087,36762
0500000US22089,52771
0500000US22091,11205
0500000US22093,22026
0500000US22095,45813
0500000US22097,83454
0500000US22099,52214
0500000US22101,54579
0500000US22103,234568
0500000US22105,121425
0500000US22107,5231
0500000US22109,111861
0500000US22111,22754
0500000US22113,58070
0500000US22115,52769
0500000US22117,47093
0500000US22119,41215
0500000US22121,23917
0500000US22123,11582
0500000US22125,15610
0500000US22127,15287
0500000US23001,107623
0500000US23003,71720
0500000US23005,281457
0500000US23007,30732
0500000US23009,54364
0500000US23011,122143
0500000US23013,39694
0500000US23015,34399
0500000US23017,57752
0500000US23019,153849
0500000US23021,17549
0500000US23023,35226
0500000US23025,52231
0500000US23027,38801
0500000US23029,32811
0500000US23031,197216
0500000US24001,75021
0500000US24003,539198
0500000US24005,805709
0500000US24009,88936
0500000US24011,33093
0500000US24013,167241
0500000US24015,101199
0500000US24017,147086
0500000US24019,32650
0500000US24021,234122
0500000US24023,30063
0500000US24025,245177
0500000US24027,288376
0500000US24029,20222
0500000US24031,976203
0500000US24033,865271
0500000US24035,47899
0500000US24037,105786
0500000US24039,26481
0500000US24041,37834
0500000US24043,147558
0500000US24045,98843
0500000US24047,51431
0500000US24510,620583
0500000US25001,215937
0500000US25003,131144
0500000US25005,548612
0500000US25007,16581
0500000US25009,744644
0500000US25011,71369
0500000US25013,463678
0500000US25015,158094
0500000US25017,1506008
0500000US25019,10155
0500000US25021,672376
0500000US25023,495780
0500000US25025,723323
0500000US25027,799553
0500000US26001,10884
0500000US26003,9575
0500000US26005,111503
0500000US26007,29529
0500000US26009,23505
0500000US26011,15867
0500000US26013,8844
0500000US26015,59044
0500000US26017,107703
0500000US26019,17496
0500000US26021,156805
0500000US26023,45137
0500000US26025,136072
0500000US26027,52196
0500000US26029,25901
0500000US26031,26083
0500000US26033,38602
0500000US26035,30927
0500000US26037,75426
0500000US26039,14037
0500000US26041,37065
0500000US26043,26111
0500000US26045,107838
0500000US26047,32691
0500000US26049,424926
0500000US26051,25675
0500000US26053,16400
0500000US26055,87043
0500000US26057,42461
0500000US26059,46643
0500000US26061,36686
0500000US26063,33039
0500000US26065,280812
0500000US26067,63884
0500000US26069,25777
0500000US26071,11813
0500000US26073,70334
0500000US26075,160201
0500000US26077,250738
0500000US26079,17117
0500000US26081,603219
0500000US26083,2169
0500000US26085,11504
0500000US26087,88210
0500000US26089,21705
0500000US26091,99763
0500000US26093,180972
0500000US26095,6604
0500000US26097,11077
0500000US26099,841126
0500000US26101,24698
0500000US26103,67131
0500000US26105,28721
0500000US26107,42831
0500000US26109,23994
0500000US26111,83592
0500000US26113,14830
0500000US26115,151932
0500000US26117,63270
0500000US26119,9761
0500000US26121,172068
0500000US26123,48393
0500000US26125,1203012
0500000US26127,26513
0500000US26129,21623
0500000US26131,6756
0500000US26133,23506
0500000US26135,8609
0500000US26137,24132
0500000US26139,264055
0500000US26141,13329
0500000US26143,24429
0500000US26145,199911
0500000US26147,162789
0500000US26149,61262
0500000US26151,43007
0500000US26153,8474
0500000US26155,70606
0500000US26157,55661
0500000US26159,76186
0500000US26161,345290
0500000US26163,1815734
0500000US26165,32730
0500000US27001,16195
0500000US27003,331302
0500000US27005,32520
0500000US27007,44518
0500000US27009,38499
0500000US27011,5264
0500000US27013,64098
0500000US27015,25884
0500000US27017,35399
0500000US27019,91361
0500000US27021,28587
0500000US27023,12463
0500000US27025,53925
0500000US27027,59162
0500000US27029,8699
0500000US27031,5172
0500000US27033,11689
0500000US27035,62559
0500000US27037,399100
0500000US27039,20135
0500000US27041,35988
0500000US27043,14516
0500000US27045,20844
0500000US27047,31219
0500000US27049,46230
0500000US27051,6010
0500000US27053,1154623
0500000US27055,19022
0500000US27057,20386
0500000US27059,37857
0500000US27061,45043
0500000US27063,10270
0500000US27065,16209
0500000US27067,42270
0500000US27069,4541
0500000US27071,13314
0500000US27073,7238
0500000US27075,10858
0500000US27077,4040
0500000US27079,27699
0500000US27081,5892
0500000US27083,25865
0500000US27085,36654
0500000US27087,5421
0500000US27089,9419
0500000US27091,20840
0500000US27093,23295
0500000US27095,26088
0500000US27097,33204
0500000US27099,39188
0500000US27101,8698
0500000US27103,32780
0500000US27105,21376
0500000US27107,6855
0500000US27109,144509
0500000US27111,57262
0500000US27113,13946
0500000US27115,29727
0500000US27117,9578
0500000US27119,31640
0500000US27121,10978
0500000US27123,509320
0500000US27125,4075
0500000US27127,16058
0500000US27129,15693
0500000US27131,64228
0500000US27133,9692
0500000US27135,15561
0500000US27137,200155
0500000US27139,130487
0500000US27141,88691
0500000US27143,15245
0500000US27145,150785
0500000US27147,36545
0500000US27149,9719
0500000US27151,9760
0500000US27153,24885
0500000US27155,3542
0500000US27157,21658
0500000US27159,13833
0500000US27161,19137
0500000US27163,238844
0500000US27165,11215
0500000US27167,6571
0500000US27169,51419
0500000US27171,125118
0500000US27173,10425
0500000US28001,32251
0500000US28003,37088
0500000US28005,13110
0500000US28007,19552
0500000US28009,8720
0500000US28011,34103
0500000US28013,14957
0500000US28015,10580
0500000US28017,17410
0500000US28019,8545
0500000US28021,9559
0500000US28023,16763
0500000US28025,20577
0500000US28027,26134
0500000US28029,29430
0500000US28031,19612
0500000US28033,161746
0500000US28035,75113
0500000US28037,8125
0500000US28039,22686
0500000US28041,14391
0500000US28043,21890
0500000US28045,44012
0500000US28047,187785
0500000US28049,245629
0500000US28051,19127
0500000US28053,9336
0500000US28055,1396
0500000US28057,23417
0500000US28059,139698
0500000US28061,16983
0500000US28063,7712
0500000US28065,12464
0500000US28067,67870
0500000US28069,10415
0500000US28071,47496
0500000US28073,56054
0500000US28075,80229
0500000US28077,12893
0500000US28079,23791
0500000US28081,83048
0500000US28083,32307
0500000US28085,34863
0500000US28087,59836
0500000US28089,95552
0500000US28091,27083
0500000US28093,37104
0500000US28095,36889
0500000US28097,10924
0500000US28099,29687
0500000US28101,21718
0500000US28103,11511
0500000US28105,47692
0500000US28107,34700
0500000US28109,55788
0500000US28111,12258
0500000US28113,40416
0500000US28115,30008
0500000US28117,25189
0500000US28119,8188
0500000US28121,142018
0500000US28123,28358
0500000US28125,4873
0500000US28127,27511
0500000US28129,16460
0500000US28131,17890
0500000US28133,29406
0500000US28135,15346
0500000US28137,28981
0500000US28139,22240
0500000US28141,19594
0500000US28143,10738
0500000US28145,27162
0500000US28147,15416
0500000US28149,48840
0500000US28151,51078
0500000US28153,20743
0500000US28155,10271
0500000US28157,9845
0500000US28159,19194
0500000US28161,12650
0500000US28163,28012
0500000US29001,25607
0500000US29003,17377
0500000US29005,5658
0500000US29007,25490
0500000US29009,35588
0500000US29011,12385
0500000US29013,17042
0500000US29015,19060
0500000US29017,12332
0500000US29019,163232
0500000US29021,89144
0500000US29023,42796
0500000US29025,9436
0500000US29027,44419
0500000US29029,43985
0500000US29031,75895
0500000US29033,9296
0500000US29035,6299
0500000US29037,99723
0500000US29039,13973
0500000US29041,7847
0500000US29043,77825
0500000US29045,7148
0500000US29047,222718
0500000US29049,20742
0500000US29051,76182
0500000US29053,17610
0500000US29055,24637
0500000US29057,7867
0500000US29059,16762
0500000US29061,8441
0500000US29063,12900
0500000US29065,15681
0500000US29067,13642
0500000US29069,31920
0500000US29071,101508
0500000US29073,15226
0500000US29075,6719
0500000US29077,275414
0500000US29079,10273
0500000US29081,8941
0500000US29083,22266
0500000US29085,9628
0500000US29087,4910
0500000US29089,10123
0500000US29091,40532
0500000US29093,10579
0500000US29095,675259
0500000US29097,117770
0500000US29099,219084
0500000US29101,52715
0500000US29103,4133
0500000US29105,35642
0500000US29107,33409
0500000US29109,38601
0500000US29111,10203
0500000US29113,52702
0500000US29115,12752
0500000US29117,15196
0500000US29119,23087
0500000US29121,15581
0500000US29123,12196
0500000US29125,9185
0500000US29127,28793
0500000US29129,3777
0500000US29131,24714
0500000US29133,14390
0500000US29135,15616
0500000US29137,8782
0500000US29139,12241
0500000US29141,20559
0500000US29143,18934
0500000US29145,58117
0500000US29147,23384
0500000US29149,10922
0500000US29151,13865
0500000US29153,9728
0500000US29155,18263
0500000US29157,18937
0500000US29159,42287
0500000US29161,45301
0500000US29163,18507
0500000US29165,89677
0500000US29167,31139
0500000US29169,52803
0500000US29171,4972
0500000US29173,10169
0500000US29175,25437
0500000US29177,23474
0500000US29179,6692
0500000US29181,14103
0500000US29183,361602
0500000US29185,9823
0500000US29186,18126
0500000US29187,65498
0500000US29189,998881
0500000US29195,23406
0500000US29197,4429
0500000US29199,4842
0500000US29201,39238
0500000US29203,8437
0500000US29205,6370
0500000US29207,29997
0500000US29209,32172
0500000US29211,6725
0500000US29213,51893
0500000US29215,26048
0500000US29217,21162
0500000US29219,32551
0500000US29221,25205
0500000US29223,13499
0500000US29225,36287
0500000US29227,2155
0500000US29229,18853
0500000US29510,319156
0500000US30001,9253
0500000US30003,12914
0500000US30005,6507
0500000US30007,5629
0500000US30009,10085
0500000US30011,1154
0500000US30013,81519
0500000US30015,5803
0500000US30017,11703
0500000US30019,1758
0500000US30021,8936
0500000US30023,9294
0500000US30025,2887
0500000US30027,11582
0500000US30029,90901
0500000US30031,89658
0500000US30033,1192
0500000US30035,13451
0500000US30037,884
0500000US30039,3082
0500000US30041,16152
0500000US30043,11424
0500000US30045,2068
0500000US30047,28766
0500000US30049,63620
0500000US30051,2344
0500000US30053,19670
0500000US30055,1741
0500000US30057,7691
0500000US30059,1887
0500000US30061,4219
0500000US30063,109494
0500000US30065,4560
0500000US30067,15608
0500000US30069,495
0500000US30071,4249
0500000US30073,6160
0500000US30075,1741
0500000US30077,7022
0500000US30079,1189
0500000US30081,40308
0500000US30083,9759
0500000US30085,10453
0500000US30087,9254
0500000US30089,11382
0500000US30091,3377
0500000US30093,34234
0500000US30095,9121
0500000US30097,3622
0500000US30099,6081
0500000US30101,5337
0500000US30103,713
0500000US30105,7359
0500000US30107,2166
0500000US30109,1008
0500000US30111,148432
0500000US31001,31388
0500000US31003,6664
0500000US31005,463
0500000US31007,690
0500000US31009,478
0500000US31011,5500
0500000US31013,11285
0500000US31015,2107
0500000US31017,3154
0500000US31019,46165
0500000US31021,6847
0500000US31023,8398
0500000US31025,25291
0500000US31027,8837
0500000US31029,3971
0500000US31031,5717
0500000US31033,9979
0500000US31035,6543
0500000US31037,10558
0500000US31039,9140
0500000US31041,10912
0500000US31043,21028
0500000US31045,9170
0500000US31047,24383
0500000US31049,1936
0500000US31051,6003
0500000US31053,36707
0500000US31055,518777
0500000US31057,2008
0500000US31059,5889
0500000US31061,3235
0500000US31063,2743
0500000US31065,4958
0500000US31067,22301
0500000US31069,2065
0500000US31071,2047
0500000US31073,2047
0500000US31075,610
0500000US31077,2544
0500000US31079,58814
0500000US31081,9132
0500000US31083,3424
0500000US31085,958
0500000US31087,2904
0500000US31089,10434
0500000US31091,738
0500000US31093,6273
0500000US31095,7517
0500000US31097,5231
0500000US31099,6492
0500000US31101,8367
0500000US31103,824
0500000US31105,3820
0500000US31107,8693
0500000US31109,286141
0500000US31111,36270
0500000US31113,770
0500000US31115,634
0500000US31117,538
0500000US31119,34960
0500000US31121,7851
0500000US31123,5046
0500000US31125,3730
0500000US31127,7258
0500000US31129,4497
0500000US31131,15773
0500000US31133,2777
0500000US31135,2975
0500000US31137,9199
0500000US31139,7266
0500000US31141,32324
0500000US31143,5395
0500000US31145,11045
0500000US31147,8350
0500000US31149,1517
0500000US31151,14219
0500000US31153,159709
0500000US31155,20858
0500000US31157,37072
0500000US31159,16807
0500000US31161,5452
0500000US31163,3152
0500000US31165,1304
0500000US31167,6124
0500000US31169,5229
0500000US31171,641
0500000US31173,6975
0500000US31175,4268
0500000US31177,20257
0500000US31179,9607
0500000US31181,3809
0500000US31183,819
0500000US31185,13652
0500000US32001,24810
0500000US32003,1954260
0500000US32005,46956
0500000US32007,48926
0500000US32009,770
0500000US32011,2002
0500000US32013,16606
0500000US32015,5799
0500000US32017,5362
0500000US32019,52049
0500000US32021,4768
0500000US32023,43769
0500000US32027,6751
0500000US32029,4002
0500000US32031,422528
0500000US32033,10058
0500000US32510,55226
0500000US33001,60085
0500000US33003,47836
0500000US33005,77049
0500000US33007,32950
0500000US33009,89108
0500000US33011,401057
0500000US33013,146400
0500000US33015,295360
0500000US33017,123198
0500000US33019,43716
0500000US34001,274685
0500000US34003,906541
0500000US34005,449149
0500000US34007,513607
0500000US34009,97253
0500000US34011,157149
0500000US34013,784228
0500000US34015,288581
0500000US34017,635294
0500000US34019,128373
0500000US34021,366789
0500000US34023,810986
0500000US34025,630966
0500000US34027,492694
0500000US34029,577603
0500000US34031,501860
0500000US34033,66058
0500000US34035,324194
0500000US34037,149239
0500000US34039,537661
0500000US34041,108714
0500000US35001,664639
0500000US35003,3730
0500000US35005,65779
0500000US35006,27247
0500000US35007,13726
0500000US35009,48949
0500000US35011,2022
0500000US35013,210538
0500000US35015,53890
0500000US35017,29399
0500000US35019,4693
0500000US35021,691
0500000US35023,4854
0500000US35025,64698
0500000US35027,20500
0500000US35028,18031
0500000US35029,25133
0500000US35031,71797
0500000US35033,4889
0500000US35035,64284
0500000US35037,9078
0500000US35039,40339
0500000US35041,20050
0500000US35043,132330
0500000US35045,130145
0500000US35047,29387
0500000US35049,144606
0500000US35051,12026
0500000US35053,17850
0500000US35055,32957
0500000US35057,16375
0500000US35059,4541
0500000US35061,76759
0500000US36001,303833
0500000US36003,48943
0500000US36005,1386657
0500000US36007,200272
0500000US36009,80229
0500000US36011,79978
0500000US36013,134768
0500000US36015,88824
0500000US36017,50405
0500000US36019,82115
0500000US36021,63073
0500000US36023,49294
0500000US36025,47832
0500000US36027,297577
0500000US36029,918652
0500000US36031,39302
0500000US36033,51579
0500000US36035,55526
0500000US36037,60082
0500000US36039,49159
0500000US36041,4831
0500000US36043,64502
0500000US36045,116582
0500000US36047,2508340
0500000US36049,27072
0500000US36051,65333
0500000US36053,73439
0500000US36055,744389
0500000US36057,50250
0500000US36059,1341245
0500000US36061,1586698
0500000US36063,216546
0500000US36065,234845
0500000US36067,467204
0500000US36069,108116
0500000US36071,373355
0500000US36073,42854
0500000US36075,122114
0500000US36077,62232
0500000US36079,99713
0500000US36081,2233841
0500000US36083,159428
0500000US36085,469363
0500000US36087,312183
0500000US36089,111894
0500000US36091,219960
0500000US36093,154889
0500000US36095,32722
0500000US36097,18330
0500000US36099,35199
0500000US36101,98930
0500000US36103,1494434
0500000US36105,77500
0500000US36107,51049
0500000US36109,101620
0500000US36111,182435
0500000US36113,65697
0500000US36115,63288
0500000US36117,93753
0500000US36119,950541
0500000US36121,42129
0500000US36123,25338
0500000US37001,151528
0500000US37003,37239
0500000US37005,11163
0500000US37007,26908
0500000US37009,27291
0500000US37011,17755
0500000US37013,47820
0500000US37015,21250
0500000US37017,35229
0500000US37019,107992
0500000US37021,238832
0500000US37023,90771
0500000US37025,178588
0500000US37027,82998
0500000US37029,10003
0500000US37031,66685
0500000US37033,23695
0500000US37035,154389
0500000US37037,63821
0500000US37039,27436
0500000US37041,14759
0500000US37043,10594
0500000US37045,98050
0500000US37047,57994
0500000US37049,103908
0500000US37051,320267
0500000US37053,23643
0500000US37055,34015
0500000US37057,162930
0500000US37059,41321
0500000US37061,58728
0500000US37063,268454
0500000US37065,56539
0500000US37067,351335
0500000US37069,60848
0500000US37071,206213
0500000US37073,12207
0500000US37075,8875
0500000US37077,60063
0500000US37079,21384
0500000US37081,489681
0500000US37083,54562
0500000US37085,115733
0500000US37087,58935
0500000US37089,106978
0500000US37091,24643
0500000US37093,47466
0500000US37095,5807
0500000US37097,159771
0500000US37099,40338
0500000US37101,169735
0500000US37103,10153
0500000US37105,57951
0500000US37107,59439
0500000US37109,78450
0500000US37111,45016
0500000US37113,33938
0500000US37115,20777
0500000US37117,24501
0500000US37119,923427
0500000US37121,15546
0500000US37123,27826
0500000US37125,88569
0500000US37127,95938
0500000US37129,203341
0500000US37131,22040
0500000US37133,179471
0500000US37135,134197
0500000US37137,13124
0500000US37139,40733
0500000US37141,52433
0500000US37143,13495
0500000US37145,39461
0500000US37147,168817
0500000US37149,20465
0500000US37151,141960
0500000US37153,46659
0500000US37155,134473
0500000US37157,93641
0500000US37159,138446
0500000US37161,67772
0500000US37163,63540
0500000US37165,36100
0500000US37167,60595
0500000US37169,47351
0500000US37171,73694
0500000US37173,13988
0500000US37175,33094
0500000US37177,4417
0500000US37179,202206
0500000US37181,45426
0500000US37183,906969
0500000US37185,20931
0500000US37187,13206
0500000US37189,51041
0500000US37191,122907
0500000US37193,69287
0500000US37195,81359
0500000US37197,38425
0500000US37199,17794
0500000US38001,2346
0500000US38003,11062
0500000US38005,6685
0500000US38007,779
0500000US38009,6435
0500000US38011,3150
0500000US38013,1968
0500000US38015,81666
0500000US38017,150230
0500000US38019,3991
0500000US38021,5293
0500000US38023,2084
0500000US38025,3540
0500000US38027,2378
0500000US38029,3540
0500000US38031,3349
0500000US38033,1686
0500000US38035,66991
0500000US38037,2386
0500000US38039,2419
0500000US38041,2468
0500000US38043,2444
0500000US38045,4127
0500000US38047,1993
0500000US38049,5396
0500000US38051,2786
0500000US38053,6415
0500000US38055,8985
0500000US38057,8422
0500000US38059,27600
0500000US38061,7733
0500000US38063,3124
0500000US38065,1840
0500000US38067,7420
0500000US38069,4358
0500000US38071,11476
0500000US38073,5434
0500000US38075,2477
0500000US38077,16342
0500000US38079,13985
0500000US38081,3805
0500000US38083,1308
0500000US38085,4159
0500000US38087,726
0500000US38089,24321
0500000US38091,1986
0500000US38093,21110
0500000US38095,2249
0500000US38097,8102
0500000US38099,11081
0500000US38101,62093
0500000US38103,4204
0500000US38105,22552
0500000US39001,28550
0500000US39003,106205
0500000US39005,53127
0500000US39007,101429
0500000US39009,64770
0500000US39011,45939
0500000US39013,70319
0500000US39015,44857
0500000US39017,368630
0500000US39019,28800
0500000US39021,40025
0500000US39023,138193
0500000US39025,197604
0500000US39027,41930
0500000US39029,107800
0500000US39031,36875
0500000US39033,43718
0500000US39035,1278208
0500000US39037,52968
0500000US39039,39007
0500000US39041,175250
0500000US39043,77070
0500000US39045,146351
0500000US39047,29043
0500000US39049,1165897
0500000US39051,42669
0500000US39053,30955
0500000US39055,93408
0500000US39057,161605
0500000US39059,40033
0500000US39061,802252
0500000US39063,74727
0500000US39065,32065
0500000US39067,15851
0500000US39069,28186
0500000US39071,43554
0500000US39073,29374
0500000US39075,42382
0500000US39077,59586
0500000US39079,33268
0500000US39081,69614
0500000US39083,60988
0500000US39085,230101
0500000US39087,62380
0500000US39089,166701
0500000US39091,45805
0500000US39093,301449
0500000US39095,441468
0500000US39097,43446
0500000US39099,238310
0500000US39101,66482
0500000US39103,172592
0500000US39105,23745
0500000US39107,40793
0500000US39109,102461
0500000US39111,14590
0500000US39113,535059
0500000US39115,15025
0500000US39117,34793
0500000US39119,86142
0500000US39121,14637
0500000US39123,41381
0500000US39125,19581
0500000US39127,36058
0500000US39129,55803
0500000US39131,28692
0500000US39133,161386
0500000US39135,42185
0500000US39137,34464
0500000US39139,124177
0500000US39141,78090
0500000US39143,60882
0500000US39145,79506
0500000US39147,56662
0500000US39149,49374
0500000US39151,375321
0500000US39153,541565
0500000US39155,209936
0500000US39157,92542
0500000US39159,52390
0500000US39161,28698
0500000US39163,13415
0500000US39165,213192
0500000US39167,61683
0500000US39169,114505
0500000US39171,37535
0500000US39173,125502
0500000US39175,22596
0500000US40001,22736
0500000US40003,5646
0500000US40005,14195
0500000US40007,5651
0500000US40009,22006
0500000US40011,11968
0500000US40013,42574
0500000US40015,29665
0500000US40017,116237
0500000US40019,47622
0500000US40021,47139
0500000US40023,15225
0500000US40025,2471
0500000US40027,256895
0500000US40029,5910
0500000US40031,125368
0500000US40033,6201
0500000US40035,15074
0500000US40037,70133
0500000US40039,27517
0500000US40041,41525
0500000US40043,4810
0500000US40045,4154
0500000US40047,60756
0500000US40049,27553
0500000US40051,52481
0500000US40053,4534
0500000US40055,6217
0500000US40057,2942
0500000US40059,3687
0500000US40061,12755
0500000US40063,14024
0500000US40065,26496
0500000US40067,6445
0500000US40069,10984
0500000US40071,46460
0500000US40073,15064
0500000US40075,9436
0500000US40077,11138
0500000US40079,50520
0500000US40081,34301
0500000US40083,42038
0500000US40085,9442
0500000US40087,34715
0500000US40089,33212
0500000US40091,20268
0500000US40093,7506
0500000US40095,15887
0500000US40097,41283
0500000US40099,13514
0500000US40101,71110
0500000US40103,11551
0500000US40105,10512
0500000US40107,12203
0500000US40109,721178
0500000US40111,40146
0500000US40113,47416
0500000US40115,31831
0500000US40117,16577
0500000US40119,77448
0500000US40121,45854
0500000US40123,37566
0500000US40125,69608
0500000US40127,11574
0500000US40129,3651
0500000US40131,86988
0500000US40133,25465
0500000US40135,42432
0500000US40137,45097
0500000US40139,20843
0500000US40141,7975
0500000US40143,605418
0500000US40145,73349
0500000US40147,51045
0500000US40149,11619
0500000US40151,8896
0500000US40153,19970
0500000US41001,16097
0500000US41003,85575
0500000US41005,376891
0500000US41007,37070
0500000US41009,49343
0500000US41011,63025
0500000US41013,20864
0500000US41015,22337
0500000US41017,157894
0500000US41019,107638
0500000US41021,1871
0500000US41023,7458
0500000US41025,7399
0500000US41027,22451
0500000US41029,203462
0500000US41031,21670
0500000US41033,82807
0500000US41035,66345
0500000US41037,7872
0500000US41039,351983
0500000US41041,46054
0500000US41043,116910
0500000US41045,31319
0500000US41047,316096
0500000US41049,11207
0500000US41051,737902
0500000US41053,75625
0500000US41055,1774
0500000US41057,25265
0500000US41059,76079
0500000US41061,25796
0500000US41063,7027
0500000US41065,25266
0500000US41067,531744
0500000US41069,1450
0500000US41071,99391
0500000US42001,101485
0500000US42003,1223583
0500000US42005,68839
0500000US42007,170567
0500000US42009,49709
0500000US42011,411850
0500000US42013,127031
0500000US42015,62651
0500000US42017,625472
0500000US42019,184059
0500000US42021,143498
0500000US42023,5080
0500000US42025,65220
0500000US42027,154127
0500000US42029,499797
0500000US42031,39910
0500000US42033,81562
0500000US42035,39230
0500000US42037,67268
0500000US42039,88657
0500000US42041,235861
0500000US42043,268220
0500000US42045,559276
0500000US42047,31850
0500000US42049,280686
0500000US42051,136446
0500000US42053,7685
0500000US42055,149834
0500000US42057,14852
0500000US42059,38640
0500000US42061,45914
0500000US42063,88847
0500000US42065,45231
0500000US42067,24622
0500000US42069,214367
0500000US42071,520156
0500000US42073,90968
0500000US42075,133688
0500000US42077,350106
0500000US42079,320795
0500000US42081,116143
0500000US42083,43356
0500000US42085,116558
0500000US42087,46666
0500000US42089,169896
0500000US42091,801052
0500000US42093,18286
0500000US42095,298101
0500000US42097,94366
0500000US42099,45995
0500000US42101,1528306
0500000US42103,57329
0500000US42105,17464
0500000US42107,148228
0500000US42109,39729
0500000US42111,77626
0500000US42113,6411
0500000US42115,43277
0500000US42117,42008
0500000US42119,44964
0500000US42121,54925
0500000US42123,41767
0500000US42125,207875
0500000US42127,52895
0500000US42129,365012
0500000US42131,28266
0500000US42133,435490
0500000US44001,49853
0500000US44003,166103
0500000US44005,82852
0500000US44007,627070
0500000US44009,127008
0500000US45001,25335
0500000US45003,160565
0500000US45005,10351
0500000US45007,187269
0500000US45009,15949
0500000US45011,22630
0500000US45013,162989
0500000US45015,178783
0500000US45017,15126
0500000US45019,351482
0500000US45021,55397
0500000US45023,33096
0500000US45025,46665
0500000US45027,34944
0500000US45029,38914
0500000US45031,68617
0500000US45033,32120
0500000US45035,137476
0500000US45037,26966
0500000US45039,23890
0500000US45041,137088
0500000US45043,60094
0500000US45045,452859
0500000US45047,69703
0500000US45049,21049
0500000US45051,270430
0500000US45053,24939
0500000US45055,61851
0500000US45057,76889
0500000US45059,66500
0500000US45061,19191
0500000US45063,263406
0500000US45065,10228
0500000US45067,33001
0500000US45069,28873
0500000US45071,37575
0500000US45073,74359
0500000US45075,92346
0500000US45077,119217
0500000US45079,385745
0500000US45081,19926
0500000US45083,284713
0500000US45085,107570
0500000US45087,28867
0500000US45089,34358
0500000US45091,226971
0500000US46003,2713
0500000US46005,17408
0500000US46007,3439
0500000US46009,7077
0500000US46011,32003
0500000US46013,36627
0500000US46015,5275
0500000US46017,1935
0500000US46019,10138
0500000US46021,1466
0500000US46023,9144
0500000US46025,3686
0500000US46027,13861
0500000US46029,27231
0500000US46031,4074
0500000US46033,8250
0500000US46035,19533
0500000US46037,5724
0500000US46039,4352
0500000US46041,5336
0500000US46043,2994
0500000US46045,4079
0500000US46047,7110
0500000US46049,2364
0500000US46051,7340
0500000US46053,4268
0500000US46055,1924
0500000US46057,5920
0500000US46059,3438
0500000US46061,3330
0500000US46063,1249
0500000US46065,17074
0500000US46067,7343
0500000US46069,1417
0500000US46071,3039
0500000US46073,2085
0500000US46075,1012
0500000US46077,5152
0500000US46079,11260
0500000US46081,24193
0500000US46083,45190
0500000US46085,3770
0500000US46087,5628
0500000US46089,2454
0500000US46091,4659
0500000US46093,25454
0500000US46095,2051
0500000US46097,2382
0500000US46099,169987
0500000US46101,6498
0500000US46103,101348
0500000US46105,2995
0500000US46107,2339
0500000US46109,10193
0500000US46111,2352
0500000US46113,13644
0500000US46115,6409
0500000US46117,2983
0500000US46119,1374
0500000US46121,9659
0500000US46123,5646
0500000US46125,8353
0500000US46127,14501
0500000US46129,5454
0500000US46135,22460
0500000US46137,2817
0500000US47001,75160
0500000US47003,45161
0500000US47005,16499
0500000US47007,12863
0500000US47009,123119
0500000US47011,99078
0500000US47013,40696
0500000US47015,13795
0500000US47017,28518
0500000US47019,57358
0500000US47021,39103
0500000US47023,17146
0500000US47025,32234
0500000US47027,7871
0500000US47029,35616
0500000US47031,52780
0500000US47033,14586
0500000US47035,56130
0500000US47037,628133
0500000US47039,11742
0500000US47041,18727
0500000US47043,49733
0500000US47045,38349
0500000US47047,38432
0500000US47049,17946
0500000US47051,41010
0500000US47053,49717
0500000US47055,29380
0500000US47057,22716
0500000US47059,68797
0500000US47061,13688
0500000US47063,62634
0500000US47065,337294
0500000US47067,6831
0500000US47069,27174
0500000US47071,26025
0500000US47073,56848
0500000US47075,18762
0500000US47077,27752
0500000US47079,32349
0500000US47081,24659
0500000US47083,8436
0500000US47085,18552
0500000US47087,11654
0500000US47089,51437
0500000US47091,18258
0500000US47093,433108
0500000US47095,7826
0500000US47097,27773
0500000US47099,41991
0500000US47101,12173
0500000US47103,33439
0500000US47105,48725
0500000US47107,52236
0500000US47109,26109
0500000US47111,22294
0500000US47113,98395
0500000US47115,28269
0500000US47117,30684
0500000US47119,81141
0500000US47121,11762
0500000US47123,44608
0500000US47125,173307
0500000US47127,6363
0500000US47129,21998
0500000US47131,31799
0500000US47133,22086
0500000US47135,7935
0500000US47137,5061
0500000US47139,16823
0500000US47141,72564
0500000US47143,31842
0500000US47145,54091
0500000US47147,66469
0500000US47149,263740
0500000US47151,22231
0500000US47153,14095
0500000US47155,90072
0500000US47157,929030
0500000US47159,19147
0500000US47161,13350
0500000US47163,156794
0500000US47165,161250
0500000US47167,61118
0500000US47169,7870
0500000US47171,18278
0500000US47173,19068
0500000US47175,5550
0500000US47177,39899
0500000US47179,123338
0500000US47181,17005
0500000US47183,35024
0500000US47185,25847
0500000US47187,184035
0500000US47189,114537
0500000US48001,58452
0500000US48003,14833
0500000US48005,86953
0500000US48007,23151
0500000US48009,9060
0500000US48011,1902
0500000US48013,45003
0500000US48015,28443
0500000US48017,7180
0500000US48019,20523
0500000US48021,74403
0500000US48023,3725
0500000US48025,31887
0500000US48027,313000
0500000US48029,1723780
0500000US48031,10527
0500000US48033,647
0500000US48035,18269
0500000US48037,92723
0500000US48039,314494
0500000US48041,195693
0500000US48043,9300
0500000US48045,1631
0500000US48047,7201
0500000US48049,38145
0500000US48051,17209
0500000US48053,42854
0500000US48055,38141
0500000US48057,21360
0500000US48059,13540
0500000US48061,408054
0500000US48063,12424
0500000US48065,6165
0500000US48067,30487
0500000US48069,8110
0500000US48071,35311
0500000US48073,50923
0500000US48075,7060
0500000US48077,10728
0500000US48079,3137
0500000US48081,3324
0500000US48083,8892
0500000US48085,788407
0500000US48087,3062
0500000US48089,20898
0500000US48091,109382
0500000US48093,13981
0500000US48095,4077
0500000US48097,38452
0500000US48099,75645
0500000US48101,1505
0500000US48103,4383
0500000US48105,3711
0500000US48107,6059
0500000US48109,2403
0500000US48111,6738
0500000US48113,2377351
0500000US48115,13867
0500000US48117,19447
0500000US48119,5253
0500000US48121,667053
0500000US48123,20106
0500000US48125,2453
0500000US48127,10040
0500000US48129,3681
0500000US48131,11739
0500000US48133,18602
0500000US48135,137145
0500000US48137,1993
0500000US48139,150462
0500000US48141,804338
0500000US48143,37948
0500000US48145,17879
0500000US48147,33905
0500000US48149,24531
0500000US48151,3954
0500000US48153,6423
0500000US48155,1341
0500000US48157,590350
0500000US48159,10614
0500000US48161,19831
0500000US48163,17224
0500000US48165,17594
0500000US48167,292607
0500000US48169,6449
0500000US48171,24899
0500000US48173,1228
0500000US48175,7223
0500000US48177,19866
0500000US48179,22456
0500000US48181,121145
0500000US48183,121854
0500000US48185,26659
0500000US48187,132431
0500000US48189,36377
0500000US48191,3355
0500000US48193,8501
0500000US48195,5625
0500000US48197,4152
0500000US48199,54748
0500000US48201,4110771
0500000US48203,65766
0500000US48205,6066
0500000US48207,5890
0500000US48209,158312
0500000US48211,3797
0500000US48213,78647
0500000US48215,780087
0500000US48217,35136
0500000US48219,22864
0500000US48221,51306
0500000US48223,35230
0500000US48225,23723
0500000US48227,35003
0500000US48229,3487
0500000US48231,86353
0500000US48233,22122
0500000US48235,1606
0500000US48237,9028
0500000US48239,14077
0500000US48241,35809
0500000US48243,2346
0500000US48245,252390
0500000US48247,5306
0500000US48249,40919
0500000US48251,151211
0500000US48253,20215
0500000US48255,14841
0500000US48257,103927
0500000US48259,33700
0500000US48261,419
0500000US48263,809
0500000US48265,49658
0500000US48267,4599
0500000US48269,289
0500000US48271,3598
0500000US48273,32106
0500000US48275,3732
0500000US48277,49842
0500000US48279,14025
0500000US48281,19721
0500000US48283,6899
0500000US48285,19256
0500000US48287,16610
0500000US48289,16780
0500000US48291,75868
0500000US48293,23428
0500000US48295,3286
0500000US48297,11560
0500000US48299,19316
0500000US48301,83
0500000US48303,280237
0500000US48305,5902
0500000US48307,8246
0500000US48309,236028
0500000US48311,712
0500000US48313,13725
0500000US48315,10494
0500000US48317,4825
0500000US48319,4022
0500000US48321,36751
0500000US48323,54521
0500000US48325,46115
0500000US48327,2243
0500000US48329,136975
0500000US48331,24714
0500000US48333,4955
0500000US48335,9407
0500000US48337,19694
0500000US48339,459018
0500000US48341,21990
0500000US48343,12918
0500000US48345,1215
0500000US48347,64710
0500000US48349,47812
0500000US48351,14423
0500000US48353,15238
0500000US48355,340480
0500000US48357,10211
0500000US48359,2054
0500000US48361,81930
0500000US48363,28112
0500000US48365,23824
0500000US48367,117283
0500000US48369,10306
0500000US48371,15535
0500000US48373,45395
0500000US48375,121446
0500000US48377,7888
0500000US48379,10908
0500000US48381,121208
0500000US48383,3352
0500000US48385,3310
0500000US48387,12870
0500000US48389,13798
0500000US48391,7369
0500000US48393,929
0500000US48395,16603
0500000US48397,79003
0500000US48399,10530
0500000US48401,53393
0500000US48403,10853
0500000US48405,8827
0500000US48407,26451
0500000US48409,64586
0500000US48411,6154
0500000US48413,3493
0500000US48415,16949
0500000US48417,3372
0500000US48419,25455
0500000US48421,3034
0500000US48423,210512
0500000US48425,8503
0500000US48427,61220
0500000US48429,9616
0500000US48431,1138
0500000US48433,1506
0500000US48435,4080
0500000US48437,7903
0500000US48439,1817658
0500000US48441,131896
0500000US48443,1003
0500000US48445,12676
0500000US48447,1637
0500000US48449,32490
0500000US48451,110679
0500000US48453,1030806
0500000US48455,14604
0500000US48457,21741
0500000US48459,39355
0500000US48461,3359
0500000US48463,26477
0500000US48465,49019
0500000US48467,52637
0500000US48469,86878
0500000US48471,68185
0500000US48473,43422
0500000US48475,10625
0500000US48477,33782
0500000US48479,251632
0500000US48481,41369
0500000US48483,5407
0500000US48485,131685
0500000US48487,13524
0500000US48489,22183
0500000US48491,426645
0500000US48493,43122
0500000US48495,7096
0500000US48497,59141
0500000US48499,42019
0500000US48501,7865
0500000US48503,18559
0500000US48505,14070
0500000US48507,11724
0500000US49001,6643
0500000US49003,50155
0500000US49005,113417
0500000US49007,21462
0500000US49009,1063
0500000US49011,307856
0500000US49013,18616
0500000US49015,10991
0500000US49017,5194
0500000US49019,9296
0500000US49021,46310
0500000US49023,10258
0500000US49025,7156
0500000US49027,12554
0500000US49029,9509
0500000US49031,1561
0500000US49033,2265
0500000US49035,1033910
0500000US49037,14836
0500000US49039,27886
0500000US49041,20818
0500000US49043,36521
0500000US49045,58557
0500000US49047,32434
0500000US49049,520049
0500000US49051,23705
0500000US49053,138451
0500000US49055,2768
0500000US49057,232228
0500000US50001,36810
0500000US50003,37089
0500000US50005,31202
0500000US50007,156705
0500000US50009,6298
0500000US50011,47806
0500000US50013,6966
0500000US50015,24618
0500000US50017,28928
0500000US50019,27231
0500000US50021,61566
0500000US50023,59577
0500000US50025,44510
0500000US50027,56654
0500000US51001,33202
0500000US51003,99150
0500000US51005,16228
0500000US51007,12729
0500000US51009,32319
0500000US51011,15019
0500000US51013,209457
0500000US51015,73668
0500000US51017,4714
0500000US51019,68735
0500000US51021,6808
0500000US51023,33165
0500000US51025,17404
0500000US51027,24012
0500000US51029,17120
0500000US51031,54921
0500000US51033,28631
0500000US51035,30027
0500000US51036,7271
0500000US51037,12568
0500000US51041,317102
0500000US51043,14052
0500000US51045,5208
0500000US51047,46850
0500000US51049,10056
0500000US51051,15897
0500000US51053,27995
0500000US51057,11167
0500000US51059,1086743
0500000US51061,65383
0500000US51063,15316
0500000US51065,25733
0500000US51067,56191
0500000US51069,78511
0500000US51071,17296
0500000US51073,36950
0500000US51075,21745
0500000US51077,15478
0500000US51079,18461
0500000US51081,12234
0500000US51083,36192
0500000US51085,99948
0500000US51087,307435
0500000US51089,54079
0500000US51091,2306
0500000US51093,35288
0500000US51095,67237
0500000US51097,6959
0500000US51099,23675
0500000US51101,16003
0500000US51103,11380
0500000US51105,25578
0500000US51107,315134
0500000US51109,33262
0500000US51111,12922
0500000US51113,13299
0500000US51115,8971
0500000US51117,32671
0500000US51119,10977
0500000US51121,94531
0500000US51125,15003
0500000US51127,18556
0500000US51131,12388
0500000US51133,12326
0500000US51135,15837
0500000US51137,33535
0500000US51139,24027
0500000US51141,18464
0500000US51143,63488
0500000US51145,28071
0500000US51147,23379
0500000US51149,35716
0500000US51153,406110
0500000US51155,34829
0500000US51157,7376
0500000US51159,9248
0500000US51161,92389
0500000US51163,22294
0500000US51165,76413
0500000US51167,28862
0500000US51169,23147
0500000US51171,42053
0500000US51173,32163
0500000US51175,18552
0500000US51177,122853
0500000US51179,129745
0500000US51181,7064
0500000US51183,12060
0500000US51185,45078
0500000US51187,37676
0500000US51191,54877
0500000US51193,17463
0500000US51195,41463
0500000US51197,29230
0500000US51199,65467
0500000US51510,140912
0500000US51515,6243
0500000US51520,17822
0500000US51530,6627
0500000US51540,43547
0500000US51550,222986
0500000US51570,17381
0500000US51580,5971
0500000US51590,42928
0500000US51595,5937
0500000US51600,22671
0500000US51610,12520
0500000US51620,8619
0500000US51630,24445
0500000US51640,7067
0500000US51650,137381
0500000US51660,49041
0500000US51670,22655
0500000US51678,7046
0500000US51680,75686
0500000US51683,38201
0500000US51685,14450
0500000US51690,13769
0500000US51700,180712
0500000US51710,243135
0500000US51720,3971
0500000US51730,32527
0500000US51735,12141
0500000US51740,95696
0500000US51750,16423
0500000US51760,204389
0500000US51770,96967
0500000US51775,24860
0500000US51790,23765
0500000US51800,84906
0500000US51810,439172
0500000US51820,21045
0500000US51830,14170
0500000US51840,26268
0500000US53001,18821
0500000US53003,21688
0500000US53005,176455
0500000US53007,72735
0500000US53009,71515
0500000US53011,427044
0500000US53013,4113
0500000US53015,102501
0500000US53017,38589
0500000US53019,7553
0500000US53021,79223
0500000US53023,2269
0500000US53025,89744
0500000US53027,72882
0500000US53029,78681
0500000US53031,29924
0500000US53033,1937961
0500000US53035,251809
0500000US53037,41028
0500000US53039,20378
0500000US53041,75487
0500000US53043,10561
0500000US53045,60766
0500000US53047,41257
0500000US53049,20886
0500000US53051,12983
0500000US53053,795628
0500000US53055,15783
0500000US53057,117102
0500000US53059,11102
0500000US53061,715470
0500000US53063,472147
0500000US53065,43486
0500000US53067,253087
0500000US53069,3971
0500000US53071,58963
0500000US53073,201628
0500000US53075,44791
0500000US53077,244485
0500000US54001,16601
0500000US54003,104641
0500000US54005,24585
0500000US54007,14523
0500000US54009,24017
0500000US54011,96378
0500000US54013,7640
0500000US54015,9360
0500000US54017,8201
0500000US54019,46042
0500000US54021,8704
0500000US54023,11924
0500000US54025,35505
0500000US54027,23978
0500000US54029,30626
0500000US54031,14063
0500000US54033,69233
0500000US54035,29200
0500000US54037,53659
0500000US54039,192976
0500000US54041,16383
0500000US54043,21702
0500000US54045,36743
0500000US54047,22062
0500000US54049,56482
0500000US54051,33086
0500000US54053,27289
0500000US54055,62282
0500000US54057,28218
0500000US54059,26789
0500000US54061,96791
0500000US54063,13493
0500000US54065,17495
0500000US54067,26221
0500000US54069,44449
0500000US54071,7687
0500000US54073,7578
0500000US54075,8699
0500000US54077,33497
0500000US54079,55597
0500000US54081,78904
0500000US54083,29387
0500000US54085,10432
0500000US54087,14908
0500000US54089,13920
0500000US54091,16894
0500000US54093,7123
0500000US54095,9178
0500000US54097,24260
0500000US54099,42388
0500000US54101,9156
0500000US54103,16570
0500000US54105,5719
0500000US54107,86990
0500000US54109,23745
0500000US55001,20843
0500000US55003,16181
0500000US55005,45850
0500000US55007,15004
0500000US55009,248506
0500000US55011,13575
0500000US55013,15417
0500000US55015,49040
0500000US55017,62515
0500000US55019,34693
0500000US55021,56904
0500000US55023,16630
0500000US55025,489309
0500000US55027,88748
0500000US55029,27730
0500000US55031,44184
0500000US55033,43898
0500000US55035,98928
0500000US55037,4397
0500000US55039,101665
0500000US55041,9277
0500000US55043,51233
0500000US55045,36869
0500000US55047,19037
0500000US55049,23710
0500000US55051,5900
0500000US55053,20455
0500000US55055,83693
0500000US55057,26663
0500000US55059,166671
0500000US55061,20572
0500000US55063,114874
0500000US55065,16801
0500000US55067,19937
0500000US55069,28720
0500000US55071,81349
0500000US55073,134104
0500000US55075,41703
0500000US55077,15383
0500000US55078,4252
0500000US55079,948944
0500000US55081,44736
0500000US55083,37652
0500000US55085,35919
0500000US55087,176912
0500000US55089,86365
0500000US55091,7461
0500000US55093,41125
0500000US55095,44156
0500000US55097,70053
0500000US55099,14111
0500000US55101,195510
0500000US55103,17981
0500000US55105,160310
0500000US55107,14715
0500000US55109,84442
0500000US55111,62025
0500000US55113,16568
0500000US55115,41958
0500000US55117,115472
0500000US55119,20643
0500000US55121,28854
0500000US55123,29775
0500000US55125,21396
0500000US55127,102205
0500000US55129,15916
0500000US55131,131971
0500000US55133,389964
0500000US55135,52369
0500000US55137,24467
0500000US55139,167059
0500000US55141,74793
0500000US56001,36438
0500000US56003,11710
0500000US56005,46252
0500000US56007,15853
0500000US56009,13823
0500000US56011,7112
0500000US56013,40243
0500000US56015,13322
0500000US56017,4803
0500000US56019,8567
0500000US56021,92127
0500000US56023,18080
0500000US56025,75507
0500000US56027,2482
0500000US56029,28271
0500000US56031,8673
0500000US56033,29152
0500000US56035,10247
0500000US56037,43621
0500000US56039,21302
0500000US56041,21137
0500000US56043,8556
0500000US56045,7182